area_sqft,bedrooms,bathrooms,house_age,distance_km,price_usd,garage_spots
1621.9,5,4,7,2.97,269487.32,3.0
1084.0,1,1,49,11.0,76635.18,0.0
1800.2,3,2,29,0.5,257637.95,0.0
1876.2,3,2,11,13.15,264566.01,2.0
719.6,6,3,40,10.53,100108.42,
979.1,4,3,41,10.74,146495.58,0.0
1551.1,4,2,48,10.78,184428.25,1.0
1373.5,1,1,7,26.86,146761.81,3.0
1493.3,5,4,31,1.12,230988.11,0.0
1158.8,3,2,49,0.77,121569.01,3.0
1851.8,1,1,40,0.75,235243.84,1.0
1811.1,6,4,11,7.14,281075.91,2.0
1526.4,2,1,44,1.08,194130.89,2.0
1950.9,1,1,21,7.33,246750.61,2.0
1687.0,1,1,24,7.97,184014.3,2.0
1156.3,3,2,27,1.1,197788.83,0.0
1647.5,1,1,38,15.95,158597.23,1.0
1116.4,6,3,6,4.2,186113.4,3.0
1851.4,4,3,26,11.08,273741.97,0.0
1480.0,2,1,40,11.23,150396.87,2.0
1426.1,1,1,27,1.76,205587.01,2.0
1227.6,3,2,13,22.23,124855.24,0.0
1989.0,1,1,2,3.06,291671.24,0.0
1438.2,6,5,27,32.08,165246.61,3.0
1328.7,2,1,35,0.93,184400.75,0.0
1359.1,3,1,27,0.5,210499.24,0.0
1712.9,1,1,48,1.89,205308.58,0.0
1646.2,1,1,30,6.03,213755.44,2.0
1665.1,2,1,25,7.43,229657.11,3.0
1672.3,1,1,2,10.38,233330.93,0.0
2356.7,5,4,27,8.83,352473.56,3.0
1337.4,6,4,8,3.77,226039.06,2.0
1295.1,6,4,36,12.25,191299.64,0.0
1174.5,2,1,8,0.68,186154.51,0.0
1746.4,5,3,45,0.5,255254.53,1.0
1951.6,4,2,15,1.34,331888.05,
1454.4,1,1,21,1.37,180434.23,
1163.9,1,1,7,4.84,189330.92,1.0
1170.2,4,3,10,9.15,182760.45,3.0
1760.2,3,2,46,37.84,134079.04,3.0
1797.3,1,1,14,2.58,252135.56,2.0
1717.3,6,3,25,9.01,238549.65,1.0
1233.8,5,3,49,1.55,174522.61,1.0
1592.9,4,3,31,0.53,252160.23,2.0
1546.7,6,5,2,0.5,311244.53,0.0
1587.5,6,5,17,12.92,248991.2,2.0
1848.6,6,5,19,39.32,176631.85,
1589.4,2,1,13,27.01,139660.22,3.0
1771.6,6,5,12,5.71,337987.32,0.0
1527.0,4,2,25,0.5,223166.7,1.0
1615.6,5,2,18,1.83,286658.79,1.0
1752.5,6,3,14,15.87,247442.4,2.0
917.1,1,1,20,2.47,116409.88,0.0
1372.1,3,1,17,8.76,197522.68,3.0
1311.9,1,1,11,3.61,173443.93,3.0
1244.4,2,1,22,7.12,183799.74,1.0
1389.9,3,1,47,16.28,133385.16,1.0
2098.0,6,5,25,5.81,347191.52,1.0
1153.7,6,5,29,48.86,60650.06,0.0
1887.3,3,2,49,4.61,254355.66,3.0
826.9,2,1,30,4.44,119387.4,3.0
1366.0,4,2,11,6.67,211740.45,1.0
1565.1,6,4,19,0.59,304130.9,
1734.5,6,3,24,16.33,236212.89,1.0
1784.5,2,1,23,4.77,258231.84,
1817.3,2,1,7,11.91,256795.19,1.0
1360.5,5,3,5,7.68,214006.95,0.0
1315.1,2,1,17,8.8,174675.06,3.0
1843.2,2,1,45,9.84,214065.4,2.0
1423.5,1,1,35,2.89,163062.07,
989.7,3,2,42,15.99,89460.93,0.0
1046.7,3,1,8,0.5,177097.11,2.0
1132.2,4,3,20,0.75,189494.98,2.0
1698.9,2,1,29,13.3,200109.68,2.0
1557.0,5,3,21,27.3,180090.89,3.0
1776.2,5,2,20,2.88,278276.94,1.0
1329.1,3,1,17,1.54,205439.62,0.0
1563.4,2,1,2,6.62,223608.28,0.0
1750.2,4,2,42,1.46,289612.54,1.0
1376.3,5,2,46,0.5,178599.21,0.0
1682.7,3,1,4,6.75,247581.25,0.0
1235.2,2,1,20,1.07,171486.53,0.0
1354.8,4,2,25,9.36,217749.75,1.0
1347.3,3,2,39,4.56,155824.61,0.0
1021.7,3,2,49,26.46,55455.79,1.0
1694.8,3,2,20,8.26,243166.74,2.0
1312.2,2,1,37,12.29,141558.4,1.0
1505.0,5,2,46,6.28,220244.11,0.0
1692.3,3,1,41,10.42,220623.85,2.0
1678.6,3,2,14,16.57,212518.34,0.0
1766.2,4,3,40,6.76,246548.67,2.0
1460.6,3,2,20,6.73,180936.23,1.0
1330.7,1,1,0,1.76,208815.24,1.0
1468.1,6,5,37,0.5,235407.07,
825.1,1,1,41,3.21,75122.12,1.0
921.2,4,2,17,7.31,112547.88,0.0
970.9,2,1,22,14.55,102675.09,2.0
1101.1,2,1,18,6.73,118921.82,0.0
1659.9,1,1,5,27.9,174498.78,
1137.8,6,5,49,9.78,137127.07,1.0
1348.7,3,2,1,17.65,169430.13,
2019.7,3,2,27,56.44,152567.82,2.0
1357.5,5,4,0,23.5,201937.75,2.0
1795.0,1,1,34,29.86,169094.85,3.0
1126.6,4,2,45,5.34,164367.09,2.0
1417.8,3,1,32,1.75,186425.79,3.0
1120.0,4,3,30,4.33,188494.81,1.0
1364.4,1,1,41,0.85,143928.75,3.0
1836.1,6,3,48,1.23,288320.6,1.0
809.1,2,1,43,0.5,81860.71,2.0
1673.8,5,3,11,0.5,277410.92,1.0
1595.1,5,2,28,23.16,195387.1,3.0
1262.3,3,1,40,34.84,80002.05,1.0
921.6,1,1,14,11.19,114582.75,2.0
1528.9,2,1,33,8.61,188109.07,0.0
1288.2,5,4,1,6.77,233711.35,2.0
1593.1,6,5,43,36.41,159026.33,0.0
1508.7,6,3,30,3.88,246216.96,1.0
2140.7,2,1,37,15.21,260183.56,0.0
1404.3,4,3,41,2.74,203280.02,1.0
1090.6,1,1,10,2.8,168831.91,1.0
1571.7,5,2,22,12.29,198073.5,1.0
1588.0,3,1,42,14.49,171355.53,1.0
2043.7,5,2,8,1.23,322491.44,0.0
1834.0,5,4,41,10.72,257904.86,2.0
1642.7,6,5,14,10.1,296948.31,3.0
2085.3,3,2,28,2.17,299586.14,1.0
1024.5,3,2,25,25.61,82767.06,0.0
1244.1,4,3,34,6.79,183794.22,0.0
1129.4,1,1,41,4.22,89527.48,2.0
1344.1,1,1,17,4.13,174004.73,
949.3,4,3,8,4.28,172437.7,3.0
1754.1,5,3,21,0.5,247953.38,1.0
1411.1,4,2,30,13.97,161109.0,1.0
911.7,5,3,37,29.61,75037.86,0.0
1093.8,2,1,37,21.5,91204.83,0.0
1625.4,3,1,16,4.61,245393.5,3.0
1835.3,4,2,46,12.62,237453.51,1.0
2298.7,3,1,4,4.11,359900.32,1.0
2665.5,1,1,5,1.59,410380.6,1.0
1665.8,1,1,1,4.57,243233.44,1.0
1104.2,6,5,46,4.68,171122.18,3.0
647.2,4,3,9,1.96,117901.64,3.0
1607.1,2,1,30,5.02,229946.83,2.0
1174.8,2,1,40,6.0,154053.32,1.0
1333.9,1,1,38,2.95,179325.47,2.0
1255.2,6,3,47,0.55,187109.77,1.0
1443.7,1,1,2,2.52,205276.02,2.0
1926.4,5,4,20,20.53,282512.38,0.0
1562.8,2,1,25,8.15,209119.98,2.0
1436.5,3,2,34,3.78,202284.45,0.0
1085.7,2,1,31,2.97,128256.9,2.0
830.1,5,2,27,10.2,117901.43,2.0
1305.5,1,1,15,2.01,168526.02,0.0
1478.5,3,2,5,2.44,251964.66,2.0
2207.2,2,1,21,17.65,294622.35,0.0
1552.1,2,1,12,5.71,246755.8,1.0
1893.1,2,1,27,1.69,278118.91,0.0
1300.3,6,4,39,0.5,194011.94,2.0
1026.0,3,2,27,33.63,57581.8,2.0
1114.0,3,2,29,0.5,196888.22,1.0
1209.9,3,1,2,7.23,173358.95,3.0
2351.4,6,3,32,10.15,345967.94,
1171.4,3,1,21,7.76,177426.0,2.0
1835.4,3,1,6,4.7,292268.98,0.0
1138.8,2,1,10,18.44,161719.72,2.0
1872.6,2,1,39,20.49,182628.61,2.0
1654.0,1,1,45,4.94,177440.32,3.0
1437.3,4,3,25,6.81,230540.96,2.0
1483.7,1,1,48,6.88,139364.91,0.0
1238.1,2,1,9,10.67,160961.03,2.0
1678.4,2,1,14,2.1,248678.9,0.0
1318.0,2,1,46,0.63,177160.26,1.0
1009.8,5,3,8,5.17,190571.02,3.0
988.8,4,2,32,1.05,155620.01,3.0
1569.0,6,3,10,6.02,262250.14,3.0
2131.6,3,2,16,15.06,307592.35,1.0
1564.0,6,5,23,5.81,322959.79,
1452.5,1,1,17,7.19,199278.02,2.0
1614.3,4,2,43,8.53,208462.12,0.0
2022.4,5,4,48,12.76,248002.62,3.0
1587.8,4,3,25,7.95,221750.83,3.0
1335.6,6,3,26,5.2,213324.78,0.0
1942.5,2,1,2,5.0,286965.25,3.0
1671.5,1,1,11,1.94,244461.57,1.0
2114.3,5,3,1,5.13,382234.24,
1573.3,1,1,42,13.32,177331.94,2.0
1010.2,5,3,11,4.69,176890.78,0.0
952.7,5,2,17,4.08,142131.76,0.0
2160.4,6,3,42,7.45,334359.96,2.0
2189.5,3,1,35,1.66,309689.33,3.0
1428.2,6,5,31,0.83,221631.92,3.0
1346.7,2,1,1,11.7,197409.13,1.0
2084.6,3,2,28,3.07,319256.8,3.0
1057.2,1,1,28,2.73,93390.53,
1142.1,5,4,15,18.54,145313.88,2.0
1757.3,5,3,37,21.74,207336.48,1.0
1342.2,5,4,46,6.31,198197.22,2.0
1498.0,5,3,12,8.93,230764.47,2.0
1434.6,2,1,16,30.41,113291.68,2.0
1635.0,1,1,16,4.58,236209.36,1.0
2063.0,6,4,41,17.79,267863.39,2.0
1536.2,3,2,3,11.85,233417.19,2.0
1757.6,1,1,44,26.96,126277.85,1.0
679.9,6,4,38,2.3,97190.26,2.0
1480.5,6,5,24,14.71,233472.42,0.0
1162.7,3,2,29,1.55,172752.61,3.0
1012.5,5,3,44,14.67,123895.99,0.0
1148.7,1,1,38,3.47,121317.04,3.0
1366.4,1,1,13,0.52,188878.31,3.0
1866.4,2,1,2,15.77,271642.88,3.0
969.4,4,2,32,0.5,124672.06,0.0
1512.3,1,1,7,16.7,200098.93,0.0
1306.3,1,1,4,1.91,218215.32,0.0
1368.9,5,2,49,7.44,187126.43,1.0
1901.1,5,2,23,0.5,295748.36,3.0
1715.2,5,4,32,0.7,264544.92,3.0
2035.0,5,2,10,2.64,332187.01,2.0
1438.2,5,3,5,4.01,233273.51,3.0
1221.6,4,2,3,1.72,202043.28,0.0
1410.5,4,2,17,1.07,239631.2,3.0
1597.0,6,3,0,1.37,308177.69,1.0
1570.6,3,2,21,5.97,210744.76,2.0
1066.2,1,1,16,0.53,162279.24,
1536.2,5,2,26,21.57,191320.71,2.0
1591.3,2,1,29,22.09,181270.3,1.0
2507.0,6,4,15,0.59,432818.64,2.0
2250.7,3,2,22,11.01,328045.16,1.0
1158.7,6,5,3,10.27,219555.96,2.0
1385.0,1,1,15,7.22,195807.7,1.0
914.6,4,3,48,2.55,99630.29,1.0
1263.7,3,2,49,7.25,141191.49,
1626.2,3,2,24,17.11,197229.9,1.0
1982.3,2,1,46,3.06,250302.65,2.0
1208.4,6,3,25,13.97,179000.16,
1238.3,3,2,6,5.55,205429.97,0.0
641.1,6,3,43,19.8,54044.65,0.0
1434.9,3,1,20,8.53,191981.02,2.0
1075.0,1,1,30,15.51,80690.18,2.0
1288.2,6,3,32,26.97,153370.1,0.0
1149.3,2,1,15,5.05,165495.02,1.0
1462.3,2,1,36,10.05,151718.0,0.0
796.9,6,4,25,31.56,59948.53,0.0
913.2,6,3,18,49.6,50000.0,0.0
2351.7,6,4,14,7.38,382345.47,2.0
985.0,3,2,37,25.54,57751.87,3.0
1061.3,5,4,12,4.07,183957.11,1.0
2234.8,2,1,6,4.59,359028.28,0.0
2662.0,5,3,44,24.69,310080.67,3.0
1031.4,4,2,16,8.87,161483.12,1.0
1352.7,1,1,32,15.94,162476.39,0.0
1636.6,3,2,35,4.13,241270.07,0.0
2191.5,3,2,41,14.64,269137.71,1.0
1105.3,2,1,31,17.16,81111.09,2.0
1401.9,3,1,35,4.41,163619.92,1.0
1810.9,4,3,41,6.44,243961.55,1.0
1673.9,1,1,47,3.64,186452.09,1.0
1349.5,1,1,2,19.51,143702.32,3.0
1446.5,5,4,37,10.78,195348.52,2.0
950.0,3,2,8,1.63,160482.71,2.0
1404.7,4,2,44,27.87,123579.13,1.0
1393.4,4,2,2,9.51,201525.61,2.0
1592.9,4,2,12,4.48,242862.73,3.0
1277.9,3,2,9,8.84,185961.89,
1688.6,3,1,30,2.17,236854.01,3.0
1905.1,5,4,0,3.39,363130.85,0.0
1562.2,6,5,0,17.49,258334.74,3.0
1640.7,2,1,25,3.35,202842.52,3.0
1521.3,5,4,48,35.15,131411.32,2.0
1500.0,6,3,26,2.43,257704.45,3.0
1211.4,1,1,22,20.12,106078.85,
1626.6,5,4,32,20.44,186062.46,1.0
1461.1,3,1,27,11.48,207704.86,2.0
2337.3,6,3,19,2.32,367782.8,2.0
2129.3,4,2,29,4.24,323783.84,0.0
1654.3,6,3,0,6.7,294060.01,0.0
1194.8,1,1,12,13.69,145751.43,1.0
1055.0,1,1,33,36.14,50000.0,2.0
1976.5,6,5,17,10.34,326479.69,0.0
1605.1,4,3,2,10.88,244333.53,3.0
1692.1,4,3,6,14.05,268054.16,0.0
802.2,2,1,43,5.54,63625.56,3.0
1871.0,2,1,16,2.32,277944.49,
1681.8,5,3,1,21.4,222482.18,1.0
1055.8,2,1,36,37.84,50000.0,1.0
1311.4,4,3,26,15.7,166176.96,2.0
1605.5,2,1,22,3.0,231941.74,0.0
1521.0,2,1,44,9.4,142603.55,2.0
1383.1,1,1,15,10.74,177722.15,2.0
1458.6,6,4,28,5.1,225607.16,0.0
1399.2,6,4,37,10.29,221796.62,3.0
1561.0,1,1,30,33.15,106419.49,2.0
2088.6,3,2,10,6.41,299202.05,0.0
473.3,4,2,34,7.06,52163.15,2.0
1405.3,3,2,37,10.88,154012.88,1.0
1570.6,5,3,6,6.64,282518.79,3.0
1618.4,2,1,8,17.47,201747.45,1.0
1351.2,1,1,33,5.09,158538.96,
797.3,3,1,5,9.66,122496.19,3.0
1631.2,4,3,44,14.73,179630.26,0.0
2190.9,2,1,5,2.55,316652.26,
886.5,5,4,48,7.01,120449.06,0.0
1845.5,1,1,33,6.19,215164.81,1.0
1368.6,1,1,22,5.6,158593.64,0.0
1475.5,4,2,13,4.78,245919.96,2.0
1078.8,4,2,17,1.86,185729.08,0.0
1366.2,2,1,37,11.73,127530.71,2.0
2020.0,2,1,37,1.09,267053.88,1.0
1733.1,1,1,10,21.13,184019.88,3.0
2192.9,4,2,27,4.06,352992.77,3.0
1971.0,3,2,49,3.46,274065.24,2.0
1675.6,1,1,12,3.89,231949.91,1.0
2197.6,3,2,34,23.99,259518.79,2.0
1675.6,6,5,8,4.18,281859.04,2.0
1831.2,2,1,41,7.99,212410.5,
1381.4,6,3,8,1.22,258526.98,1.0
1526.6,2,1,14,18.3,185089.29,3.0
1221.0,2,1,22,21.67,111294.13,1.0
1895.8,2,1,18,0.5,285995.24,0.0
1028.7,2,1,8,3.65,155922.69,3.0
1812.9,1,1,32,1.87,238485.66,3.0
1423.7,4,3,0,37.96,142245.23,2.0
1968.5,3,2,49,2.49,256621.41,2.0
1800.3,5,2,2,13.63,280231.04,1.0
2228.3,3,2,16,15.69,308138.67,1.0
1792.3,3,2,46,26.6,170811.51,3.0
871.2,3,1,7,4.61,119781.23,3.0
1473.2,1,1,3,1.24,211668.12,1.0
1031.2,5,2,37,0.84,163749.2,1.0
1292.7,1,1,3,9.27,197562.05,0.0
2104.5,5,3,44,11.95,284307.26,0.0
1755.0,6,3,22,5.1,278369.42,1.0
1220.4,5,4,43,10.11,164505.96,2.0
1094.5,3,2,12,7.91,142993.26,2.0
1513.1,2,1,7,5.74,241969.34,3.0
1013.4,6,3,48,11.26,126420.52,1.0
1231.5,2,1,38,1.23,146391.38,0.0
1624.8,3,2,45,1.95,215355.44,3.0
1962.1,5,3,15,12.15,286956.65,3.0
1743.5,6,3,20,41.61,195357.75,2.0
583.5,6,5,28,10.45,92530.88,0.0
1621.7,1,1,22,5.74,214971.64,1.0
1528.8,6,5,12,14.74,252315.95,2.0
1665.6,1,1,18,43.31,100183.41,3.0
2146.5,4,2,30,3.98,318951.8,2.0
674.7,6,3,1,3.99,155151.98,1.0
1263.6,4,3,16,0.5,192522.61,1.0
1736.4,6,5,14,4.76,306167.99,1.0
867.4,3,1,3,1.02,151769.86,0.0
2090.4,2,1,6,23.8,257895.57,0.0
1647.3,2,1,24,30.73,147643.5,3.0
1838.6,3,1,5,1.51,298162.13,1.0
1271.6,5,2,17,42.05,114250.65,3.0
1825.5,3,2,28,7.4,234336.11,1.0
1927.4,5,4,43,0.5,290876.01,3.0
1593.2,3,1,4,27.37,191056.3,0.0
1593.8,2,1,21,4.82,227620.92,0.0
1608.1,2,1,5,18.19,208541.4,2.0
1154.7,4,3,21,4.62,222452.58,3.0
1441.0,6,5,24,2.71,261429.75,0.0
1439.0,6,5,39,8.45,233649.6,
1653.4,2,1,22,1.69,232935.3,0.0
1899.9,3,1,46,14.78,199566.7,2.0
1076.6,5,3,6,17.58,151824.97,2.0
1450.0,4,2,2,2.5,260275.4,2.0
2092.6,1,1,0,13.86,291413.78,1.0
1202.6,4,2,17,12.22,171369.13,1.0
1171.1,1,1,9,31.97,78732.9,2.0
1580.9,1,1,4,1.09,236454.99,1.0
1837.8,4,2,11,1.96,295889.78,2.0
1504.6,1,1,48,4.67,177929.77,0.0
2031.6,3,2,40,2.21,296723.27,1.0
1842.7,4,3,0,5.23,292617.14,0.0
1836.7,4,2,45,0.88,272315.04,0.0
1721.6,3,2,10,15.18,224956.7,
2431.1,1,1,20,12.07,324489.49,1.0
1417.9,5,3,16,6.42,226360.33,0.0
698.6,6,4,20,28.48,86850.42,0.0
2141.7,6,4,38,52.11,181058.87,3.0
1316.9,5,2,35,5.38,192070.55,2.0
1543.2,3,2,29,27.79,156392.22,2.0
2023.8,6,3,31,5.82,298802.76,2.0
859.1,3,2,36,16.9,67876.27,0.0
999.3,1,1,9,17.86,94515.78,2.0
859.5,6,5,19,4.38,158267.29,3.0
1182.3,2,1,5,10.9,153051.89,1.0
1675.9,6,4,35,4.89,279393.91,3.0
1709.7,3,2,21,14.62,212408.12,3.0
1610.5,6,3,31,5.28,260027.5,2.0
934.9,4,2,28,1.62,148498.55,0.0
576.0,3,2,13,17.98,50000.0,2.0
1521.7,2,1,6,14.69,205773.81,3.0
1311.3,6,3,48,17.27,129093.26,2.0
1683.8,1,1,14,13.09,218914.66,3.0
1780.8,3,2,5,17.37,235397.04,2.0
1555.3,3,1,15,2.43,237133.08,1.0
1804.1,4,2,45,15.25,193452.37,3.0
1591.7,2,1,13,2.63,238105.25,0.0
1712.0,4,2,49,10.01,223865.99,1.0
1218.1,3,2,23,10.43,145728.09,0.0
1428.2,2,1,43,4.28,161670.24,2.0
1578.7,2,1,32,10.69,194148.48,3.0
1828.2,5,4,2,15.17,293525.66,3.0
1342.5,2,1,25,7.76,132575.67,0.0
1708.5,2,1,20,1.39,279323.9,2.0
1393.7,4,3,10,3.17,242457.01,
1453.0,2,1,27,15.78,169662.13,3.0
1831.8,3,1,5,6.53,276028.92,2.0
702.8,2,1,34,5.04,50000.0,0.0
981.4,3,2,41,24.77,67829.49,1.0
907.1,5,4,4,5.63,165904.61,3.0
566.6,4,3,23,36.35,50000.0,2.0
1228.7,6,5,32,12.25,178861.53,1.0
1799.8,5,2,3,21.54,255311.01,0.0
1386.0,1,1,19,5.98,168546.62,2.0
1579.1,3,2,12,18.36,214349.22,1.0
1935.7,2,1,1,3.42,282073.82,1.0
2031.1,4,2,40,3.95,320491.21,3.0
1472.3,2,1,22,13.7,207914.53,0.0
2041.4,6,5,37,1.44,354975.79,0.0
1536.9,2,1,29,4.78,221530.22,3.0
1165.0,4,3,43,12.02,132837.77,3.0
1262.2,1,1,49,29.71,71897.55,1.0
907.8,6,3,30,2.93,152923.13,3.0
1144.7,6,5,17,19.16,143517.08,0.0
1356.8,5,3,21,7.61,233039.35,0.0
1821.4,3,2,41,46.12,136581.66,1.0
2188.3,1,1,21,22.97,246678.93,2.0
947.1,5,3,25,8.99,121732.38,0.0
1657.1,3,2,9,16.26,214181.79,0.0
1083.8,6,4,49,0.5,142950.18,3.0
1689.9,5,4,32,20.63,227375.04,2.0
1447.6,4,3,16,3.76,209590.42,2.0
767.6,6,5,29,15.33,111647.88,3.0
1871.3,5,3,20,9.06,271849.26,0.0
1258.0,3,2,7,4.46,179528.66,3.0
1286.4,1,1,43,27.34,75932.4,1.0
1072.1,1,1,44,0.5,114507.86,3.0
1238.3,3,2,41,5.73,165937.64,3.0
1671.2,4,3,18,4.23,244365.74,0.0
1424.3,1,1,12,2.95,192040.7,0.0
1631.5,1,1,2,9.58,190776.82,2.0
1644.8,5,4,36,9.57,202040.62,2.0
2028.3,5,3,16,8.39,341853.68,0.0
1362.9,1,1,44,11.46,161514.0,1.0
909.3,4,3,43,3.39,123002.14,3.0
1926.9,1,1,6,32.49,185001.65,3.0
1367.4,5,4,45,0.67,204638.36,0.0
1945.8,6,4,7,27.07,283366.3,2.0
1653.4,6,3,24,0.74,272269.86,0.0
1447.5,4,3,23,4.38,226953.9,1.0
1639.5,4,3,47,6.89,215677.93,0.0
2280.4,6,5,32,2.28,361274.51,2.0
2330.8,4,2,43,6.06,313938.47,0.0
1527.8,3,2,29,5.42,216490.75,0.0
1564.1,5,3,41,12.66,187786.49,0.0
1930.5,4,3,42,4.91,278209.07,0.0
1161.7,6,3,42,6.45,160437.11,0.0
1633.2,4,3,20,4.0,257892.33,2.0
1489.7,6,5,19,45.2,158798.9,3.0
1625.6,1,1,49,2.59,187743.49,1.0
1166.7,1,1,37,6.42,138137.6,3.0
864.2,1,1,45,9.93,50000.0,2.0
670.8,4,3,28,4.74,92741.45,1.0
1053.0,5,3,46,0.5,156672.28,0.0
1316.5,2,1,35,8.73,179146.54,3.0
1382.7,1,1,37,6.34,127579.08,0.0
2274.9,6,5,8,0.5,401690.72,1.0
1942.4,5,4,28,8.57,313907.18,0.0
1115.2,4,3,36,3.12,149932.43,3.0
1639.1,3,2,38,13.25,191333.36,3.0
1337.2,3,2,47,0.5,181651.39,1.0
1386.3,1,1,16,5.71,187364.61,1.0
1574.1,2,1,15,3.27,252785.16,2.0
1747.7,6,5,48,0.63,282399.23,2.0
1364.3,3,2,49,21.67,134751.79,1.0
1925.5,5,4,8,6.44,314513.38,1.0
1043.2,5,2,18,4.6,159982.21,0.0
1502.5,2,1,47,15.7,139491.41,1.0
2539.1,2,1,9,6.09,355410.26,2.0
1589.2,5,3,39,10.75,221599.53,2.0
2073.3,1,1,5,6.37,293098.6,3.0
1536.6,3,1,8,5.59,223052.78,2.0
1732.3,6,5,39,11.05,260371.85,3.0
1477.3,5,3,30,0.5,221937.27,2.0
1431.8,5,2,27,6.21,225295.41,1.0
1188.2,1,1,42,31.79,50000.0,1.0
1672.1,2,1,15,1.43,266927.49,2.0
1159.4,2,1,25,17.58,106265.86,1.0
1766.2,2,1,30,2.72,251254.6,3.0
1934.1,2,1,36,21.21,206982.51,0.0
1646.6,6,3,16,1.71,296826.65,0.0
1385.5,1,1,31,4.88,170636.63,1.0
1681.6,5,2,22,8.92,224129.52,0.0
1376.5,4,2,27,39.67,112211.9,0.0
1874.2,4,3,43,2.97,266320.37,1.0
767.4,2,1,19,14.4,81944.01,0.0
1365.8,2,1,33,4.68,182582.92,0.0
703.7,4,2,47,16.33,50000.0,2.0
902.0,2,1,38,10.57,65256.02,1.0
2045.5,5,3,49,0.87,310264.6,3.0
1858.1,1,1,29,7.85,228801.38,0.0
1212.2,1,1,14,1.56,187392.63,2.0
899.0,5,2,49,3.43,113096.61,2.0
400.0,4,3,32,8.57,58254.67,2.0
1282.6,1,1,12,2.16,190874.57,2.0
2468.2,6,4,15,27.16,343058.47,0.0
1674.0,1,1,13,5.98,224953.25,3.0
1276.2,6,4,41,7.61,190867.85,1.0
1686.0,5,3,4,7.99,297024.94,2.0
875.6,6,5,36,5.01,145286.8,1.0
1381.1,6,4,27,4.44,237394.28,1.0
1539.8,2,1,3,10.06,218870.76,2.0
1465.6,5,4,30,19.95,185842.67,3.0
1816.3,2,1,37,13.91,233182.6,3.0
1637.9,3,2,36,2.06,248310.87,2.0
1767.3,2,1,26,22.35,189047.1,2.0
1224.7,3,2,16,12.44,164407.66,2.0
1859.1,6,3,8,21.72,256579.29,3.0
2151.6,3,2,0,4.28,341313.15,
1111.9,1,1,17,22.27,97236.67,3.0
1144.9,2,1,31,2.31,161377.31,2.0
2034.3,5,3,1,16.22,321526.17,2.0
1423.5,4,3,49,6.16,166598.62,2.0
2061.5,4,2,29,0.5,329584.02,3.0
1323.0,3,2,14,26.85,133762.67,2.0
2082.0,2,1,48,22.86,192313.39,0.0
1552.6,4,2,9,2.35,277093.86,3.0
1603.3,4,2,47,3.7,236956.63,2.0
2125.9,6,3,14,14.42,325771.11,3.0
1355.3,4,2,18,14.29,191453.96,3.0
1123.6,6,5,21,13.12,188486.57,3.0
1320.6,5,3,49,0.75,212965.67,0.0
1680.9,1,1,12,2.25,254902.89,2.0
873.7,3,1,48,1.31,78596.12,3.0
1755.0,3,2,17,7.14,285572.95,3.0
1284.5,1,1,14,0.5,203358.57,2.0
1959.1,2,1,31,1.31,266104.47,3.0
542.3,5,4,34,8.93,58310.6,3.0
1185.4,3,2,17,1.57,194268.86,0.0
825.4,1,1,6,12.88,86788.78,3.0
1169.5,2,1,19,1.13,175194.29,2.0
1599.1,2,1,27,24.05,167451.94,2.0
1428.3,2,1,2,2.6,216554.95,0.0
1398.6,1,1,3,2.97,193553.64,3.0
1436.3,5,4,45,0.5,225736.18,1.0
1581.4,5,3,1,13.74,241779.96,1.0
1096.6,3,2,20,6.24,157966.54,1.0
1782.7,4,2,38,44.31,110726.01,3.0
1765.1,6,3,16,1.32,300806.17,1.0
1654.0,6,5,24,19.21,245404.1,0.0
1722.6,1,1,4,2.05,269538.12,0.0
1618.6,6,5,39,9.79,227793.06,3.0
2314.0,1,1,31,3.78,294053.63,0.0
1465.2,1,1,42,6.8,162205.55,3.0
1377.2,3,1,43,1.43,188110.26,0.0
1198.6,5,2,17,10.65,183502.91,3.0
1087.1,1,1,2,5.29,150112.17,2.0
1002.2,2,1,17,0.5,153899.06,0.0
1144.5,2,1,7,3.33,196830.71,3.0
1471.7,3,1,26,0.5,220136.35,1.0
1633.7,6,3,7,1.73,269975.8,3.0
1520.5,2,1,46,17.32,144946.73,2.0
1193.8,2,1,30,4.05,182589.89,1.0
1860.1,1,1,12,13.25,218540.77,0.0
1795.8,2,1,46,14.51,192072.44,1.0
1436.1,1,1,38,0.5,177926.07,0.0
1238.8,4,3,21,27.61,126221.28,3.0
1719.4,3,2,7,4.88,271774.6,0.0
1575.2,3,2,17,15.67,219953.66,0.0
920.7,5,4,29,4.83,150079.68,
1472.8,4,2,38,4.26,223691.28,3.0
1604.8,1,1,13,14.3,193444.57,3.0
1140.1,3,1,37,26.35,71318.23,2.0
1575.9,2,1,14,8.03,206449.59,
918.1,5,4,12,0.5,154554.35,2.0
2034.5,2,1,22,6.81,283492.05,3.0
1999.2,1,1,8,3.37,323990.02,0.0
1399.0,5,4,20,7.7,229608.39,3.0
1645.4,3,2,17,5.22,255033.8,0.0
536.0,1,1,14,2.62,62535.86,3.0
1037.5,5,4,38,0.5,164854.14,2.0
1382.5,2,1,16,0.5,222442.89,3.0
1071.1,6,4,34,12.08,181764.17,
1785.8,5,2,36,4.46,283615.88,3.0
2298.9,3,1,33,26.61,266478.32,3.0
1029.4,4,3,13,32.2,89730.15,1.0
1165.0,4,3,41,13.05,136546.9,2.0
1594.2,4,2,11,8.64,230703.97,1.0
2144.4,1,1,13,3.1,288041.53,1.0
1011.1,2,1,43,5.79,86785.22,3.0
1599.6,2,1,16,8.11,218173.32,0.0
2228.5,5,3,34,21.47,279688.47,0.0
839.3,1,1,2,10.12,84085.97,1.0
987.6,4,3,30,2.87,149963.73,
1330.6,5,3,43,4.99,183240.23,0.0
1291.8,6,3,35,32.61,99333.19,1.0
1825.0,2,1,29,2.48,246967.03,2.0
1596.7,1,1,42,13.77,155975.91,1.0
790.0,5,2,14,1.7,137361.75,2.0
1706.2,1,1,18,1.95,255374.12,2.0
1269.0,1,1,3,22.77,102907.78,3.0
2009.8,6,4,34,6.07,280657.14,3.0
1249.0,6,3,36,6.58,187461.38,1.0
1245.4,5,4,37,3.97,191927.7,1.0
1716.5,6,3,37,4.72,267969.39,1.0
1805.2,1,1,6,5.85,250928.81,1.0
1679.2,1,1,33,2.53,203922.13,3.0
825.8,2,1,38,2.16,92675.27,2.0
1715.2,1,1,10,15.41,205432.83,2.0
1086.3,6,3,23,3.94,209789.24,1.0
1594.1,1,1,45,6.23,174549.74,2.0
930.5,4,2,20,31.82,61308.32,2.0
1678.5,6,5,37,0.5,316010.6,2.0
1177.4,5,2,26,3.09,183198.19,3.0
986.9,2,1,32,7.26,117194.28,3.0
1785.5,3,2,31,20.47,212899.03,0.0
1596.7,4,3,32,15.59,212297.65,0.0
1254.4,5,4,38,21.48,142468.45,3.0
2080.5,3,1,45,3.24,280264.41,1.0
1323.7,2,1,14,7.84,180738.67,1.0
1512.8,5,3,46,25.95,140222.17,3.0
1607.6,6,3,31,18.17,217298.16,
1252.1,3,2,29,6.92,196686.42,0.0
1688.5,1,1,16,0.9,262518.71,0.0
1286.6,4,2,20,8.73,189363.37,3.0
1335.3,6,4,32,0.5,241239.15,3.0
2045.1,6,3,18,16.65,285165.13,1.0
1083.8,3,2,14,26.89,95186.99,3.0
534.9,1,1,40,13.68,50000.0,0.0
2144.4,4,3,20,3.16,357475.0,3.0
2519.7,5,3,32,6.59,363231.65,0.0
1337.9,6,4,1,7.24,238496.57,2.0
725.3,1,1,3,4.3,138020.16,3.0
1375.8,2,1,42,20.55,116771.47,2.0
1385.5,3,2,7,4.27,247956.29,3.0
1424.0,1,1,39,19.35,124848.5,1.0
1054.6,6,4,45,7.93,152095.37,1.0
1731.8,1,1,24,1.35,235353.67,1.0
1709.8,4,2,44,21.71,194677.63,0.0
902.2,6,3,21,6.9,172797.72,
1779.7,5,3,47,1.03,246929.66,0.0
2321.1,5,4,11,21.71,324544.31,3.0
1568.8,2,1,21,14.95,199978.99,0.0
1365.1,5,3,19,3.23,225334.9,0.0
1443.2,3,1,39,5.46,174892.3,2.0
1746.1,1,1,2,25.01,212628.87,2.0
807.7,3,1,41,4.17,104992.32,0.0
1565.8,3,2,1,8.52,235364.27,2.0
1343.8,4,3,15,15.95,185905.67,0.0
2239.1,2,1,29,4.48,290488.34,3.0
1430.3,3,1,7,19.74,162505.71,0.0
2167.2,3,1,24,12.03,291051.22,2.0
1058.5,2,1,49,8.03,97354.35,2.0
1734.9,5,3,41,6.9,230819.03,1.0
1627.8,2,1,1,18.64,197315.41,2.0
1152.4,5,3,29,13.68,136050.44,1.0
1571.0,2,1,29,6.48,209238.19,2.0
1985.0,6,5,3,4.17,325129.44,0.0
1370.5,3,1,32,4.8,166602.82,2.0
823.2,1,1,26,9.83,50000.0,3.0
1493.0,1,1,34,0.5,200931.54,3.0
1139.0,5,4,14,1.77,181712.48,1.0
1363.1,6,4,12,27.44,176219.81,1.0
1467.4,2,1,36,15.3,176612.13,1.0
817.7,4,3,36,14.08,109319.76,3.0
853.7,4,3,8,7.77,115075.21,3.0
1692.8,1,1,10,3.17,249876.47,2.0
1290.9,3,2,29,9.01,150970.88,3.0
474.1,5,4,41,0.5,62518.3,0.0
1813.9,6,5,10,6.94,310560.45,3.0
1608.9,6,5,10,0.5,319266.55,3.0
1214.5,1,1,40,4.7,142050.89,2.0
973.3,2,1,34,42.19,50000.0,2.0
1834.3,3,2,45,3.94,253915.94,3.0
1639.7,1,1,39,11.75,143244.1,2.0
2453.0,4,3,47,5.14,331841.35,3.0
1668.1,1,1,9,0.5,238552.94,0.0
1655.1,1,1,13,0.5,245337.0,2.0
1433.2,1,1,11,1.62,206880.62,1.0
1826.7,2,1,2,2.52,282912.74,3.0
1750.0,5,4,38,5.01,259241.17,3.0
2000.7,2,1,33,2.81,273408.66,3.0
1291.5,6,5,4,7.55,247369.72,
1325.8,2,1,9,15.05,166179.08,1.0
1308.4,1,1,9,0.5,192688.53,0.0
1816.3,3,2,20,1.48,284028.95,3.0
2099.3,5,3,22,28.7,269808.93,1.0
1316.5,1,1,14,12.92,146578.77,2.0
1330.1,1,1,46,1.82,150958.48,1.0
1625.6,6,5,10,0.77,319951.15,3.0
1401.7,4,2,28,19.27,144307.38,3.0
1880.8,3,2,21,23.8,246588.12,3.0
599.3,5,4,19,7.44,84681.83,2.0
1169.3,6,4,41,7.77,165700.7,0.0
1187.0,3,1,48,0.89,132535.4,3.0
571.9,4,2,0,6.75,140335.48,0.0
1114.5,1,1,23,8.06,120857.23,1.0
1133.9,2,1,5,27.69,94522.13,1.0
1419.6,4,2,21,1.89,218506.86,1.0
1945.2,2,1,30,4.28,265380.85,3.0
1402.0,6,3,20,6.47,224970.11,0.0
1087.7,6,5,15,1.84,210638.94,2.0
1477.2,2,1,15,15.41,125418.34,0.0
1919.7,3,1,14,3.47,290595.21,3.0
1109.6,2,1,16,3.42,158242.94,2.0
1135.8,4,3,18,15.68,164315.05,1.0
1723.4,1,1,34,0.99,247384.08,0.0
1411.4,3,2,4,7.81,214669.19,0.0
1759.0,4,2,2,3.55,305033.29,0.0
1494.5,4,2,25,5.08,204430.35,1.0
1780.7,4,2,34,6.6,260019.64,3.0
1086.0,2,1,12,13.12,121550.38,0.0
1495.2,5,4,10,9.47,226101.84,2.0
1415.7,5,2,31,10.43,191091.81,1.0
1013.6,5,4,19,8.78,183913.81,0.0
874.6,3,1,36,6.61,99873.7,2.0
1774.3,6,3,7,19.7,284078.37,2.0
1359.6,3,1,6,0.64,212602.38,
1091.1,5,2,27,10.95,164140.79,2.0
1461.5,2,1,19,6.71,187514.28,1.0
1951.2,2,1,36,2.01,267835.89,3.0
587.7,4,2,25,26.86,50000.0,0.0
901.3,4,3,17,19.3,113833.8,2.0
1130.8,5,4,7,19.66,165994.29,3.0
2084.5,2,1,8,4.08,300739.38,0.0
1613.0,6,5,37,8.79,257378.09,3.0
1806.9,2,1,11,12.02,268748.89,0.0
1043.9,4,3,25,7.99,140852.52,1.0
1052.2,6,5,40,10.01,125272.54,1.0
1679.1,4,2,44,9.85,219016.5,0.0
1523.3,5,4,13,5.75,250680.58,2.0
1719.5,6,3,5,4.19,300377.64,1.0
1424.9,6,5,38,4.2,236893.19,2.0
1611.3,3,2,34,1.69,222979.71,1.0
1563.2,3,1,16,17.38,188119.08,2.0
1811.1,2,1,29,28.78,170022.94,3.0
1822.8,4,3,9,7.11,310329.69,2.0
852.1,6,3,35,7.62,126404.18,0.0
601.1,3,2,36,50.15,50000.0,1.0
1900.7,3,2,14,18.93,227582.43,1.0
1975.1,1,1,23,14.74,239536.51,0.0
1091.8,3,1,16,2.76,148340.69,0.0
756.1,2,1,1,15.25,64021.05,0.0
1539.6,6,5,6,1.04,303156.87,3.0
1872.3,4,2,47,2.44,269401.62,1.0
2219.0,1,1,22,7.97,290011.01,3.0
1706.5,1,1,7,3.91,253264.57,2.0
1351.3,6,3,2,5.41,249887.88,2.0
1142.7,6,4,17,4.5,214545.57,3.0
1504.6,5,4,49,11.49,201480.65,
1380.3,1,1,19,4.69,144083.4,0.0
1094.0,1,1,49,5.74,97479.73,1.0
2319.5,2,1,24,22.76,279607.01,2.0
2214.1,5,3,38,19.73,276152.15,0.0
1954.4,5,2,39,0.63,295022.37,0.0
1131.7,6,3,1,3.07,233600.85,0.0
1842.0,1,1,0,21.1,227212.75,2.0
1755.9,1,1,46,0.5,242296.38,1.0
1677.0,6,3,46,2.35,269216.54,
1999.9,6,3,6,9.6,325208.09,2.0
1754.1,5,4,32,8.99,254771.34,2.0
1796.0,1,1,46,6.24,165740.02,2.0
1754.8,1,1,47,5.74,197690.82,0.0
1636.3,1,1,14,11.74,186128.6,3.0
786.6,5,3,40,13.16,88824.36,0.0
1533.4,6,3,32,16.6,207112.76,2.0
1277.5,4,3,46,6.93,173085.71,2.0
988.1,2,1,7,1.79,176402.19,0.0
2172.7,5,3,30,8.96,317642.58,1.0
2191.6,1,1,1,13.51,334213.11,0.0
2043.7,5,3,17,35.14,239212.27,
1602.1,6,3,0,6.97,262751.31,2.0
2040.3,5,4,22,4.32,318246.01,1.0
1504.8,6,5,40,22.45,177774.0,2.0
1581.1,4,3,32,0.5,253149.74,3.0
1062.6,3,2,15,4.65,147240.31,0.0
1658.8,2,1,21,9.42,211892.8,1.0
1524.2,6,3,18,3.47,257188.01,0.0
978.9,5,4,36,19.84,97384.1,2.0
1479.5,2,1,13,9.56,210808.19,0.0
1468.1,6,3,4,37.75,174777.34,3.0
2219.0,1,1,25,5.98,315423.02,1.0
1857.7,4,3,41,2.24,264755.33,2.0
1504.6,2,1,23,20.7,175020.62,0.0
1599.5,4,2,10,6.54,229860.95,1.0
1517.7,3,2,2,15.54,191821.08,0.0
1418.8,3,2,47,7.14,150808.12,2.0
1067.0,5,3,38,1.36,165522.27,0.0
1439.6,5,3,7,1.29,276689.58,0.0
1201.6,3,2,3,4.02,189555.55,2.0
999.9,6,5,6,1.3,204733.56,2.0
1704.5,3,1,18,0.76,257555.29,1.0
1656.5,1,1,40,29.94,132235.89,1.0
785.3,1,1,7,2.56,107556.45,1.0
1450.9,2,1,40,8.14,158225.62,3.0
1898.3,5,4,0,0.5,323061.15,1.0
1923.7,4,3,36,5.25,268018.19,3.0
1910.3,3,2,14,2.57,313688.76,0.0
1515.6,3,2,48,5.52,188552.07,0.0
1162.0,6,4,23,20.24,142866.14,1.0
1066.5,4,3,13,4.02,197862.79,0.0
1637.8,1,1,12,11.51,200973.87,2.0
1651.7,1,1,41,3.19,223291.34,1.0
2014.9,3,1,20,12.34,291270.4,1.0
1940.0,3,2,17,1.53,300841.62,2.0
1447.1,6,3,36,11.98,178453.59,0.0
1002.3,4,2,26,13.31,155557.19,1.0
1372.4,5,3,33,0.5,225562.75,3.0
1586.9,4,3,22,0.5,252275.57,2.0
1419.2,3,1,3,10.02,222561.06,2.0
1268.8,4,3,0,4.03,235760.52,2.0
1601.2,4,2,1,19.94,240817.34,1.0
1298.4,5,4,28,48.57,65527.32,3.0
1248.8,2,1,25,7.75,159838.27,3.0
1624.6,4,2,37,9.46,195118.34,1.0
1339.2,2,1,44,3.22,169412.4,3.0
1597.6,5,4,8,34.49,186242.43,0.0
1609.3,5,3,47,9.58,215480.73,1.0
1044.2,4,3,46,6.98,125307.51,1.0
1307.5,6,3,30,6.36,200266.62,2.0
2075.1,4,3,26,0.88,311393.77,2.0
1035.2,1,1,8,11.18,136995.44,1.0
653.3,4,3,8,1.85,152202.08,1.0
755.3,5,3,0,1.99,153960.39,2.0
1511.6,1,1,32,11.8,174262.88,1.0
1512.4,1,1,21,0.7,219038.09,1.0
1453.0,2,1,9,7.4,206065.33,1.0
1985.7,6,3,6,8.9,304055.8,3.0
430.9,4,3,3,0.84,85980.66,2.0
1658.4,6,4,32,3.14,257228.04,0.0
2124.6,6,3,34,14.8,264397.26,3.0
1048.9,4,3,31,8.33,163270.42,2.0
1348.1,5,2,5,4.64,237809.05,1.0
1198.8,2,1,2,2.37,190855.33,2.0
1142.3,1,1,5,8.76,119210.11,0.0
1369.5,3,2,37,4.12,155316.05,0.0
2071.0,4,3,36,6.11,296080.97,1.0
2235.0,2,1,14,10.78,336671.03,3.0
1365.6,2,1,2,19.25,155209.54,1.0
2262.0,1,1,15,39.21,229628.62,1.0
1514.2,5,4,40,14.01,189908.58,3.0
2201.5,6,5,7,11.08,362423.41,3.0
1462.7,5,4,39,38.39,135645.96,1.0
1552.4,3,1,23,3.39,218895.46,0.0
1646.2,4,2,7,7.19,248619.49,2.0
2771.5,6,4,46,6.42,430551.02,2.0
1840.5,4,3,25,10.23,263063.95,3.0
1217.1,2,1,33,11.27,146513.72,3.0
1887.6,3,2,4,31.44,207743.61,2.0
1355.3,5,4,18,1.98,256863.39,0.0
1304.1,3,1,31,8.0,167526.49,0.0
1863.4,6,4,32,4.66,301650.02,2.0
1512.4,6,3,3,1.95,282390.35,
1611.4,1,1,30,1.64,206203.69,1.0
1505.6,5,2,47,3.79,208043.7,1.0
1634.6,3,2,39,4.18,213230.1,2.0
1670.0,4,3,10,22.99,230918.1,1.0
725.2,2,1,45,4.71,58613.91,0.0
1766.6,3,2,34,8.65,209785.88,3.0
1107.2,2,1,2,10.71,127360.04,1.0
923.1,1,1,6,9.18,90811.36,1.0
1476.6,5,4,46,5.5,219079.88,0.0
1533.6,1,1,10,23.69,142692.5,1.0
1222.6,3,2,4,21.2,153492.2,3.0
1832.4,2,1,22,7.93,247709.16,0.0
963.1,1,1,26,0.87,122684.34,0.0
1337.2,3,2,28,5.72,190401.36,0.0
1266.1,6,4,32,3.96,210003.14,0.0
1481.4,6,4,49,7.18,169206.96,2.0
1611.5,3,1,37,5.91,203734.49,1.0
1096.8,4,3,1,7.53,194109.04,3.0
1789.7,6,4,4,10.37,325146.14,1.0
1525.2,2,1,0,11.16,241587.56,2.0
743.2,6,4,19,10.6,104423.07,0.0
716.6,1,1,17,13.33,54851.73,1.0
1495.1,2,1,46,15.9,118868.46,1.0
1411.6,3,2,18,5.61,230095.52,0.0
1458.6,1,1,1,27.15,164342.6,
1488.8,5,3,44,32.42,133526.77,1.0
1590.2,6,4,13,3.48,282981.85,1.0
1879.1,3,2,45,23.06,213384.19,2.0
1055.6,6,5,38,10.59,172130.79,3.0
1031.2,5,2,44,9.3,141343.39,3.0
1062.7,5,4,40,2.02,172203.9,0.0
1615.6,5,3,7,9.05,256545.01,2.0
1998.0,4,3,31,5.65,304063.7,3.0
1327.5,1,1,20,53.48,50000.0,3.0
499.3,6,3,31,16.89,50000.0,1.0
818.4,4,2,37,7.87,91475.56,3.0
1166.8,6,3,25,16.83,174516.71,3.0
1276.9,6,4,15,6.32,247534.0,1.0
1336.6,2,1,45,0.91,153522.89,3.0
1515.4,3,2,33,24.1,145454.64,2.0
1375.3,2,1,44,8.98,152807.46,3.0
1919.7,1,1,11,3.97,283163.62,2.0
1229.6,6,3,41,12.26,153627.16,3.0
1155.1,6,3,16,20.94,182486.65,3.0
1691.6,6,4,23,15.41,254223.47,3.0
885.7,6,3,43,5.47,135826.29,1.0
1655.9,4,3,17,0.96,298479.52,2.0
1541.0,4,2,12,20.53,190418.29,2.0
1441.0,6,3,45,6.84,203310.43,3.0
2135.3,4,3,48,0.5,289396.73,1.0
1251.1,4,2,15,1.92,203326.06,1.0
2324.1,2,1,15,0.54,327675.4,2.0
1409.8,5,4,11,11.61,234656.25,3.0
989.2,5,4,1,22.31,146543.82,3.0
1528.0,5,4,27,13.2,213034.91,0.0
1069.5,3,1,12,2.26,166746.63,3.0
1199.3,2,1,42,26.77,81604.13,3.0
1658.8,1,1,8,2.04,229079.99,0.0
1722.2,4,3,31,19.2,213609.03,0.0
1251.1,5,2,25,8.62,192295.8,0.0
1895.0,5,3,30,0.5,275010.2,3.0
1963.0,6,3,5,2.33,354743.97,3.0
2074.5,3,1,23,1.15,284026.67,2.0
1711.8,5,4,31,8.72,251628.27,2.0
2045.4,5,3,17,14.7,279855.98,1.0
747.7,2,1,43,11.28,69188.58,3.0
1372.8,6,3,26,20.92,157598.29,0.0
1153.2,1,1,18,10.77,107322.95,1.0
1547.7,4,2,1,2.0,268945.38,0.0
1271.4,6,4,8,12.99,203936.73,3.0
1433.5,4,2,23,9.22,179197.36,2.0
2252.9,6,5,20,6.49,375341.7,2.0
1432.1,1,1,43,19.67,87342.49,3.0
1665.5,4,3,39,44.53,100903.69,0.0
1407.1,5,2,7,4.85,229488.8,3.0
1530.3,4,2,29,7.26,226989.41,0.0
1502.4,6,3,22,10.17,250878.64,3.0
1679.3,3,1,5,13.74,250213.81,2.0
1966.1,5,2,33,13.05,263856.55,3.0
2159.0,3,2,26,0.93,287433.32,0.0
1623.8,6,4,4,0.5,311140.0,3.0
1735.8,1,1,23,9.93,238040.61,3.0
1039.7,2,1,36,1.6,147453.03,0.0
1464.8,1,1,16,4.19,207887.59,2.0
1876.1,5,3,17,8.91,271450.05,3.0
1846.4,2,1,5,1.56,279389.06,1.0
1584.6,2,1,10,16.9,225004.74,1.0
1854.6,6,3,49,8.54,235501.53,1.0
1696.3,3,2,31,0.64,232097.83,2.0
1980.1,1,1,8,0.5,313056.65,3.0
1615.7,1,1,24,3.43,209819.07,2.0
1357.7,2,1,9,3.96,184242.09,2.0
1634.3,6,4,22,8.94,282844.75,
400.0,4,2,7,1.68,95481.95,3.0
1653.2,6,3,30,7.9,245552.78,1.0
400.0,2,1,28,7.44,50000.0,3.0
810.6,3,1,31,6.34,125083.08,1.0
1680.7,1,1,22,26.53,158744.07,2.0
1691.0,3,2,14,7.87,268198.12,1.0
1035.0,4,2,12,0.5,194758.78,3.0
1215.2,5,2,10,9.35,184411.04,2.0
2048.2,3,2,21,1.15,304894.7,2.0
1306.4,5,3,22,4.19,233668.42,1.0
2397.2,4,3,33,5.02,373844.79,2.0
1499.2,2,1,2,4.8,200944.4,3.0
1663.2,6,4,14,2.44,301607.68,1.0
2146.7,3,1,42,14.19,256227.24,3.0
1552.4,1,1,45,8.71,150230.97,1.0
1099.1,6,3,46,5.73,159380.59,0.0
1456.1,6,3,15,20.89,180507.46,2.0
1485.8,1,1,6,7.65,198728.56,2.0
954.1,6,3,9,7.42,161083.36,1.0
1397.7,6,3,6,3.96,246062.89,2.0
1203.1,5,4,47,8.31,158059.35,2.0
1869.7,2,1,44,3.72,222266.17,3.0
1513.8,4,3,40,10.6,217860.39,3.0
1386.9,4,3,36,4.63,205352.61,3.0
1457.5,4,2,17,6.16,248667.69,1.0
1589.2,4,2,23,14.24,207652.6,0.0
1746.7,4,2,42,0.5,243877.0,0.0
1100.1,4,3,40,2.41,183153.08,2.0
1083.4,5,3,25,9.61,149989.62,2.0
1941.9,4,2,41,1.51,276875.29,2.0
1335.1,1,1,17,7.52,181108.56,0.0
933.3,1,1,20,13.37,70326.52,2.0
1677.5,6,5,41,2.16,279629.6,3.0
1685.3,6,5,18,1.59,308177.78,2.0
887.7,4,3,37,9.59,126023.71,2.0
1591.8,2,1,22,3.63,235836.15,0.0
1794.2,5,3,14,0.5,325334.66,1.0
1649.8,1,1,10,3.6,236000.56,2.0
1752.8,3,2,30,3.29,238105.2,2.0
938.3,2,1,23,9.89,136115.9,2.0
1632.4,1,1,18,26.89,132688.23,2.0
1379.0,5,3,37,5.35,179980.19,2.0
1306.9,4,2,0,5.86,228918.4,1.0
1848.2,2,1,4,4.01,305776.25,2.0
2091.7,4,2,48,2.41,293765.37,1.0
2217.7,1,1,33,24.01,249026.61,1.0
2025.9,3,2,27,3.03,266457.47,1.0
1456.1,4,3,0,26.4,178713.99,2.0
1641.1,3,2,29,4.12,204901.05,
1806.7,5,4,21,61.32,133556.59,2.0
1548.5,2,1,29,3.54,184647.39,0.0
1552.3,1,1,2,1.87,218670.44,2.0
1829.5,4,2,27,39.49,173276.52,
1476.3,6,3,28,13.24,227045.81,0.0
1208.3,3,1,14,14.13,148664.8,0.0
1334.2,1,1,2,33.79,117907.06,3.0
1753.6,6,4,48,9.69,252441.49,1.0
1501.2,3,2,35,3.08,204722.46,0.0
1636.1,2,1,31,6.14,194359.46,0.0
1768.0,4,3,38,1.61,270249.95,2.0
1350.1,2,1,33,9.33,165111.03,
1802.5,6,4,6,5.69,327505.23,1.0
1651.5,2,1,22,1.33,243028.94,0.0
1006.1,4,3,44,5.82,110134.49,1.0
2076.9,4,2,14,2.68,339044.95,2.0
1299.7,2,1,48,15.18,112779.79,0.0
838.0,3,2,3,5.95,131010.83,1.0
1082.0,1,1,16,11.36,117595.73,0.0
1091.6,4,3,17,9.21,152343.01,1.0
1520.9,5,4,30,2.47,258038.81,0.0
1390.5,6,3,8,21.45,176332.67,0.0
1365.3,2,1,11,1.67,192692.6,
1747.9,2,1,33,3.5,228156.58,2.0
1636.0,4,3,14,0.5,298298.78,1.0
1626.4,5,3,43,10.26,232382.13,3.0
1663.9,6,5,43,1.56,241712.02,1.0
1746.5,1,1,15,13.9,235534.63,0.0
656.8,2,1,27,4.32,94390.94,0.0
1354.2,2,1,16,3.9,175617.15,3.0
627.9,2,1,17,0.71,54837.82,2.0
1514.4,3,2,33,19.75,161244.43,1.0
1498.1,6,3,14,36.81,177329.98,2.0
1918.2,1,1,7,3.53,305610.1,2.0
1975.1,5,3,12,4.03,311717.4,0.0
1581.1,4,3,46,9.1,227947.91,2.0
1299.9,4,3,12,7.12,172795.6,0.0
1694.1,5,2,18,26.3,198074.22,
1288.8,1,1,31,8.74,136637.75,2.0
1499.4,5,3,5,32.94,192383.8,1.0
1894.5,2,1,13,20.07,248825.8,0.0
1276.9,4,3,8,5.56,226552.99,0.0
1822.3,5,3,46,5.44,236567.66,2.0
1771.0,4,3,46,14.12,228009.37,2.0
1118.1,2,1,37,17.12,100602.04,0.0
1889.6,3,2,12,7.78,254621.56,1.0
1779.4,3,2,30,0.5,232408.77,1.0
1540.8,1,1,33,11.23,186400.72,3.0
1195.1,5,2,43,17.3,123050.49,3.0
1156.3,1,1,7,1.55,154107.06,1.0
1284.9,3,2,36,16.03,132337.62,2.0
1717.0,4,3,9,4.55,285568.44,3.0
1117.7,1,1,28,3.71,134684.53,
1675.0,6,3,43,8.05,215234.56,0.0
1003.3,3,1,3,14.26,161389.89,1.0
1418.4,1,1,7,4.99,217445.93,2.0
1543.9,4,3,40,5.66,208567.81,3.0
2478.1,4,3,0,9.11,386938.39,1.0
949.1,4,3,34,32.05,57812.65,0.0
2088.8,5,3,25,3.46,310995.75,0.0
1559.9,3,2,17,2.16,245947.8,1.0
1664.5,5,3,43,8.9,206402.48,0.0
1547.3,3,1,42,5.9,191930.43,0.0
1677.9,4,3,16,4.46,248575.86,2.0
1438.5,1,1,0,14.2,169397.22,3.0
2081.6,4,3,6,9.58,347991.24,0.0
1317.4,2,1,5,1.86,207910.74,2.0
1952.9,5,4,49,37.53,184646.6,2.0
1242.3,5,3,29,15.18,130833.25,2.0
1475.9,6,3,33,1.26,232046.47,3.0
1071.2,6,5,11,15.0,182405.35,3.0
1682.0,1,1,42,23.04,148682.17,1.0
2078.1,1,1,36,14.07,206995.09,3.0
1469.1,6,5,37,7.3,230173.34,0.0
1421.2,3,1,23,3.05,210926.85,3.0
1054.2,1,1,34,23.22,79915.71,0.0
1408.3,2,1,27,14.83,145527.13,0.0
862.9,6,3,19,21.12,72639.72,0.0
1134.8,3,2,29,5.34,138465.5,0.0
1590.7,1,1,16,1.28,212097.52,1.0
2027.6,5,4,47,3.84,307257.08,2.0
2623.7,2,1,35,14.36,288718.83,2.0
1265.4,3,2,36,6.9,153173.64,0.0
2074.1,1,1,35,5.54,286874.89,1.0
1597.5,4,2,22,7.41,233103.31,0.0
1439.5,3,2,47,28.94,120141.86,0.0
1673.0,6,4,10,6.51,262792.62,2.0
1524.8,3,2,28,17.19,153517.0,2.0
1544.2,2,1,3,1.29,266722.33,0.0
1336.7,1,1,14,5.65,181271.46,1.0
940.8,2,1,28,0.5,128562.54,3.0
882.5,3,2,24,1.28,116976.78,2.0
1761.3,1,1,47,2.56,214613.26,0.0
1389.3,3,2,30,7.77,165893.28,3.0
1261.6,6,3,20,29.1,158742.84,0.0
1503.4,5,3,21,14.44,252916.89,1.0
1818.0,4,3,30,0.5,289455.05,2.0
1572.1,6,5,39,1.94,246667.11,2.0
1237.6,5,4,13,24.01,119989.22,0.0
1990.5,4,2,29,54.25,117751.71,3.0
2131.7,6,4,28,13.1,338187.77,0.0
1697.8,1,1,0,17.97,198334.31,2.0
1889.5,5,3,45,10.37,247744.69,1.0
1996.8,2,1,28,12.59,258962.65,3.0
1952.0,5,3,12,17.62,302771.54,3.0
1745.6,6,3,31,4.67,270639.48,3.0
1739.3,3,2,33,3.09,239972.53,3.0
1707.9,1,1,45,4.1,203963.72,2.0
1061.1,3,2,1,19.96,122652.47,0.0
1780.3,3,1,20,2.54,255809.31,2.0
957.7,6,4,9,29.02,119957.96,1.0
1182.2,6,4,28,4.38,201363.71,2.0
2021.4,4,2,25,0.51,345644.4,0.0
1836.1,6,4,23,24.81,247953.31,2.0
2095.0,3,1,49,15.17,256208.82,1.0
1391.3,3,2,26,23.65,124477.19,2.0
1039.1,6,3,20,6.79,182362.44,1.0
1403.8,5,3,3,4.34,238118.0,1.0
1540.8,4,2,14,16.98,211307.25,0.0
1531.6,3,2,44,8.36,196191.96,3.0
1953.5,5,3,22,4.77,308073.29,0.0
1355.5,5,4,45,6.39,226252.3,0.0
1640.8,3,2,26,5.37,254246.03,1.0
1104.5,1,1,27,0.5,162441.05,0.0
1680.1,1,1,21,4.04,239173.33,
1501.2,1,1,27,11.74,197023.61,1.0
1200.1,3,2,3,0.5,187356.66,0.0
1405.7,4,3,2,6.27,257206.27,1.0
1426.3,5,3,23,7.19,204910.44,0.0
1391.9,2,1,29,0.54,184908.17,2.0
2208.5,5,4,27,11.26,333513.58,1.0
1460.6,4,3,21,31.19,165812.34,0.0
1402.4,1,1,14,26.49,109777.67,3.0
661.0,3,2,35,1.91,77746.73,2.0
1142.3,2,1,30,1.0,154809.1,1.0
1394.8,6,4,2,13.77,230724.32,2.0
1225.7,6,5,22,34.58,139507.12,2.0
2052.7,5,4,35,0.5,375941.37,0.0
1434.0,4,3,39,3.9,209899.14,3.0
2015.4,3,2,14,2.01,302453.06,1.0
1524.7,2,1,46,4.15,162592.64,0.0
1514.9,5,4,32,13.43,203654.47,2.0
1464.5,1,1,21,0.56,191677.83,3.0
1501.5,2,1,31,7.96,192155.03,2.0
2187.5,1,1,43,1.04,293178.86,1.0
572.2,3,1,11,0.5,93175.83,1.0
699.4,2,1,7,1.42,143035.07,2.0
1282.7,2,1,22,0.5,174478.04,0.0
1505.8,3,2,4,11.72,218105.85,3.0
1776.0,6,3,41,3.2,280187.88,1.0
1689.2,4,3,48,4.59,242401.32,0.0
1346.3,5,3,30,3.7,229012.89,0.0
1907.6,6,5,48,3.11,298642.26,2.0
1912.1,6,3,3,21.62,297110.35,0.0
1573.6,3,2,31,6.93,202091.43,3.0
1885.1,6,3,22,6.9,312421.45,3.0
1609.1,6,5,13,8.04,288208.2,0.0
1275.4,6,3,15,1.4,254802.76,0.0
1779.1,3,1,27,5.44,222132.47,3.0
1544.2,2,1,32,10.09,170368.0,0.0
1500.5,4,3,8,10.83,242349.24,1.0
2089.2,6,3,30,3.85,289064.68,3.0
519.7,6,4,46,1.13,94749.8,0.0
932.9,4,3,0,5.38,186689.99,2.0
1025.2,1,1,43,21.67,50000.0,
1354.7,3,1,30,10.73,157557.3,1.0
1398.2,5,2,17,3.86,211630.48,3.0
897.1,4,2,36,44.7,50000.0,2.0
1105.9,3,1,30,9.38,123349.19,1.0
1155.7,3,2,38,39.57,50000.0,3.0
2483.0,1,1,4,6.44,350274.68,2.0
2220.7,2,1,2,1.85,342099.8,0.0
1335.3,5,2,32,3.48,197196.32,1.0
1354.6,2,1,15,16.46,184931.07,
1040.3,6,3,11,8.29,175075.7,2.0
736.7,1,1,21,1.78,98135.21,3.0
1453.2,4,2,36,21.82,142685.7,0.0
1100.9,3,2,8,2.95,171846.22,3.0
1466.1,5,4,48,18.7,140641.34,3.0
859.9,6,3,21,0.5,141717.16,3.0
1195.2,4,2,7,13.07,155569.06,2.0
1559.5,4,2,3,0.5,273573.08,1.0
1646.5,5,2,42,9.77,233391.95,0.0
1667.0,4,2,5,4.61,245419.33,
971.8,2,1,20,24.35,61476.61,1.0
1841.9,3,2,33,5.58,233432.08,1.0
1179.9,2,1,25,24.08,91769.68,2.0
1753.1,3,2,13,7.14,276096.49,2.0
1495.7,4,2,5,0.69,251583.5,3.0
949.4,2,1,35,2.58,112959.67,3.0
1373.5,2,1,24,5.98,202114.57,3.0
1646.1,5,4,2,28.6,225580.89,
1745.2,3,2,9,2.79,265210.87,0.0
1443.6,2,1,28,20.04,146213.87,0.0
2112.7,5,2,8,11.26,311121.96,2.0
1903.0,5,3,19,17.32,272001.72,2.0
1397.3,5,4,6,7.06,248959.89,3.0
1800.0,5,3,39,2.62,249840.44,3.0
2273.5,6,4,31,3.39,364281.53,3.0
2284.2,4,3,39,7.52,318502.88,0.0
1008.8,2,1,2,16.17,129589.33,2.0
1129.4,6,4,18,9.46,199902.49,3.0
2094.0,2,1,13,24.55,253014.73,3.0
1076.7,2,1,31,0.5,139255.24,1.0
971.0,5,3,41,0.91,162732.26,3.0
1305.5,6,5,11,6.63,222651.65,1.0
1668.1,3,1,38,2.88,205166.67,0.0
1459.0,5,2,29,13.33,146126.37,1.0
1239.8,6,5,41,5.39,192530.33,
1230.3,5,3,4,18.55,166761.59,3.0
1215.1,1,1,49,13.97,100527.98,0.0
1148.2,4,2,21,25.36,83379.31,0.0
2412.7,2,1,14,1.26,352595.82,2.0
1619.0,6,5,9,4.85,297549.58,2.0
1854.7,1,1,49,1.63,212064.32,2.0
1304.4,6,3,44,11.98,176050.97,0.0
1425.6,2,1,6,2.03,213195.01,1.0
1214.6,3,2,22,7.12,167934.97,3.0
439.3,2,1,36,13.04,50000.0,0.0
948.8,5,4,29,7.85,158264.26,3.0
775.8,3,2,9,10.36,109874.7,0.0
600.1,5,3,18,0.53,109606.61,0.0
1021.9,1,1,18,6.46,118426.29,3.0
2030.0,3,2,14,3.96,319362.88,1.0
1482.2,6,4,48,3.96,205538.56,2.0
2016.2,6,4,10,9.69,326682.06,1.0
1664.4,2,1,35,13.53,182268.08,2.0
1813.0,3,2,45,3.17,240886.31,1.0
1139.6,3,2,39,12.77,104699.39,1.0
1709.6,4,3,39,13.95,187005.46,3.0
1791.5,4,2,7,1.3,306225.87,2.0
1269.3,1,1,6,31.03,117584.51,2.0
1723.8,5,4,39,16.34,195875.37,3.0
1726.5,2,1,37,24.41,167872.66,1.0
1280.2,2,1,37,5.97,166965.22,3.0
1050.9,6,4,20,2.92,201820.43,2.0
1026.3,5,4,26,0.5,175002.25,3.0
1534.6,3,1,0,17.03,193950.14,1.0
1630.8,6,5,14,36.03,193938.79,2.0
1183.0,3,1,26,8.67,152968.27,0.0
1510.6,4,2,6,5.92,245066.49,0.0
1728.2,2,1,6,10.33,239329.64,0.0
1747.3,2,1,2,0.91,261716.13,2.0
2120.8,3,2,10,2.39,339277.8,1.0
2010.8,4,2,49,7.96,268014.16,1.0
1099.5,5,4,34,6.69,167054.82,2.0
2173.4,3,1,47,27.26,218490.09,1.0
1287.6,6,5,12,7.2,255342.05,0.0
1917.9,4,3,29,3.84,279012.34,2.0
1527.2,1,1,44,4.61,194659.3,2.0
1335.1,5,2,17,9.43,190562.62,0.0
776.9,4,2,32,1.37,132673.96,1.0
1431.4,3,2,34,3.63,215507.81,0.0
876.2,3,2,41,3.14,102420.62,2.0
1886.9,2,1,48,25.47,194949.45,0.0
2106.7,4,2,30,3.76,317755.79,0.0
1181.2,4,3,29,2.98,167280.75,1.0
1620.8,3,2,43,1.67,214902.8,1.0
1209.8,2,1,34,5.69,161593.07,3.0
1248.6,3,2,18,0.5,212036.89,0.0
1809.8,3,2,31,9.64,223486.31,3.0
1484.6,3,2,27,10.79,189814.41,1.0
2195.9,2,1,11,1.11,336901.66,1.0
1307.1,4,2,25,0.5,198951.98,0.0
1899.7,2,1,31,3.89,292455.48,1.0
1539.0,4,3,45,32.94,128538.75,1.0
1818.3,1,1,29,19.68,190970.22,2.0
1321.1,3,2,8,13.25,200671.52,3.0
1480.2,5,4,49,16.66,167773.37,2.0
1453.8,5,3,28,19.84,195064.75,0.0
1165.6,5,4,14,3.83,181533.5,1.0
1764.8,5,3,37,6.05,250374.71,2.0
1760.1,1,1,19,11.97,234030.26,2.0
1737.4,3,1,18,2.91,282840.24,2.0
2114.8,4,3,41,23.71,232299.37,2.0
2079.7,5,4,43,9.38,278860.35,2.0
1350.0,4,3,26,8.35,201767.88,3.0
1649.2,6,5,18,4.22,276785.65,2.0
1250.6,2,1,43,0.93,150172.75,2.0
1509.3,1,1,8,10.98,210016.38,1.0
1260.1,1,1,37,12.41,112215.63,1.0
2148.0,4,3,29,22.21,238285.4,2.0
1645.5,4,2,42,8.49,193423.89,3.0
1412.8,2,1,21,10.42,176619.01,3.0
1977.4,5,3,41,12.02,238391.34,2.0
631.8,5,2,0,8.69,114232.29,3.0
694.4,3,2,37,4.19,60303.13,0.0
1818.3,2,1,3,7.97,290829.37,
1524.2,5,4,32,2.02,276642.25,0.0
1600.2,5,2,9,1.9,257663.59,2.0
969.4,2,1,48,28.2,50000.0,3.0
1490.7,2,1,38,2.11,178259.02,0.0
2301.4,3,2,5,6.08,350339.29,0.0
1829.7,4,3,44,6.04,277580.51,1.0
1567.9,1,1,12,7.72,203632.91,3.0
1324.4,6,3,27,36.15,116512.81,0.0
1342.2,3,1,4,2.86,202810.2,3.0
648.3,3,2,5,0.5,140940.97,0.0
1603.1,1,1,12,4.32,177155.5,1.0
1838.2,6,3,26,4.45,287537.07,2.0
869.8,2,1,27,1.4,114175.68,2.0
1235.4,6,4,42,0.5,191498.83,
1037.0,3,1,8,3.23,178201.82,0.0
1113.9,6,5,37,8.66,187740.04,0.0
1521.4,2,1,0,0.5,226528.3,1.0
666.2,1,1,14,4.95,112696.37,2.0
1745.7,5,4,8,5.82,273450.7,1.0
1801.5,5,3,6,21.11,274026.92,2.0
1399.6,4,3,29,22.51,156853.22,1.0
507.7,1,1,45,14.39,50000.0,3.0
1101.4,6,3,33,4.72,168318.58,0.0
1993.2,3,2,42,2.74,273862.64,
400.0,6,3,29,3.85,79766.22,2.0
1361.0,6,5,2,5.61,244110.1,0.0
1028.0,6,5,17,12.16,166824.16,2.0
1821.8,5,4,41,8.72,246355.61,
1230.0,5,3,2,0.5,217367.42,2.0
1661.6,4,2,4,7.98,250240.07,2.0
1726.2,1,1,41,15.99,157515.51,0.0
2234.5,3,1,3,24.4,281056.4,0.0
1418.8,5,3,47,0.69,215851.75,1.0
1650.4,5,4,37,53.1,105679.27,3.0
906.0,4,3,33,7.71,149775.08,0.0
1976.2,5,4,26,0.72,289912.29,3.0
1195.8,1,1,4,12.94,155796.04,2.0
1275.7,3,2,20,19.9,141741.74,3.0
1491.1,4,3,40,3.59,224132.79,3.0
874.8,6,3,45,2.6,143168.75,1.0
1591.5,2,1,22,4.24,218123.83,
1887.0,2,1,41,9.54,228832.65,2.0
1617.2,3,1,38,3.48,204366.03,0.0
864.4,2,1,2,1.13,154088.95,
1450.5,4,2,31,4.74,179980.27,1.0
1796.8,4,3,30,3.2,282572.99,0.0
748.8,5,2,27,8.05,105436.34,3.0
1070.1,6,5,38,16.77,130308.59,1.0
1850.6,1,1,44,5.23,218617.15,3.0
1608.0,2,1,27,23.07,158219.1,0.0
1664.8,2,1,16,10.62,239103.57,2.0
2243.8,2,1,49,6.5,327782.11,1.0
1687.4,5,3,48,12.1,232496.71,3.0
1763.2,1,1,34,17.01,177159.7,3.0
2584.3,1,1,32,10.24,340976.56,3.0
1414.5,6,5,5,1.0,286275.91,3.0
1180.8,6,5,20,0.5,210749.62,3.0
1671.1,2,1,9,16.03,193879.88,1.0
1675.6,2,1,25,1.11,238058.95,3.0
1289.3,4,3,41,7.78,179975.25,
1087.0,4,3,11,0.99,169703.31,
2423.9,6,3,49,24.44,283644.52,0.0
1630.7,3,2,6,3.9,268295.78,2.0
1207.1,1,1,4,9.98,159950.48,1.0
1866.4,3,2,48,2.86,269006.57,
1456.3,4,2,5,7.45,210942.17,0.0
1398.8,4,2,36,0.5,242409.59,2.0
1724.9,4,2,38,2.99,223103.9,2.0
983.2,6,5,16,13.56,130159.47,2.0
1641.1,5,2,3,4.79,277315.63,2.0
2265.2,2,1,15,6.28,306915.01,3.0
1686.5,3,2,3,13.37,242689.65,3.0
1349.5,5,4,33,2.9,213028.75,1.0
1297.2,3,1,44,0.6,166046.71,3.0
1335.9,3,1,49,4.74,143736.51,3.0
1398.4,2,1,40,10.3,158341.66,
1348.9,2,1,38,8.47,147576.5,1.0
1866.5,5,4,44,16.43,254447.94,2.0
806.7,6,4,38,29.45,52343.45,2.0
1844.8,5,4,32,18.48,228422.83,0.0
1348.1,2,1,49,2.31,132168.92,1.0
1650.8,1,1,16,14.63,194959.69,1.0
1049.2,1,1,20,10.48,95892.9,2.0
2031.5,3,2,45,6.85,243916.09,2.0
1998.3,4,2,15,2.96,322778.97,0.0
1883.8,6,3,14,13.81,260670.02,0.0
894.1,6,5,7,4.61,206080.3,1.0
1831.6,1,1,13,0.5,273043.01,0.0
1661.9,5,2,29,12.06,227660.73,3.0
857.9,2,1,44,3.24,71637.61,1.0
1490.3,2,1,6,18.57,193107.68,2.0
1645.8,4,2,34,19.66,189057.34,
1722.4,1,1,38,1.34,211455.71,1.0
1570.9,3,2,44,16.22,171180.26,3.0
1616.5,4,2,37,4.31,201910.05,2.0
2089.4,2,1,7,3.27,291662.08,1.0
1990.4,4,2,24,6.04,276832.36,2.0
400.0,3,1,47,2.72,50000.0,2.0
1373.0,5,2,45,3.19,192321.85,0.0
1434.1,2,1,30,8.23,191164.63,
799.2,1,1,48,5.55,50000.0,3.0
1537.7,4,2,33,19.9,181981.29,2.0
1999.5,2,1,3,10.09,285339.03,0.0
1065.4,5,4,45,15.31,105739.67,1.0
1634.6,1,1,8,4.28,241537.49,2.0
1133.7,4,3,19,13.53,152676.06,3.0
1231.2,6,4,11,13.9,188341.7,2.0
2091.0,1,1,35,19.21,227635.9,0.0
1283.0,2,1,1,3.63,199408.79,2.0
1684.9,6,3,32,0.71,272911.09,
751.5,4,2,43,7.2,75335.02,1.0
2244.9,2,1,39,0.5,289864.83,2.0
1741.1,2,1,15,25.26,189489.84,2.0
1427.0,5,4,44,0.69,207125.92,1.0
1730.2,6,5,18,6.79,275262.97,1.0
936.1,3,1,34,16.29,76124.45,3.0
1973.0,3,2,25,4.16,298488.95,2.0
1370.4,5,3,3,14.3,216840.12,0.0
1418.4,2,1,0,11.14,192378.45,2.0
1303.3,2,1,9,1.48,192697.37,2.0
1267.7,5,2,46,11.48,160050.65,2.0
1777.9,2,1,47,5.45,178980.56,2.0
1602.4,5,4,20,3.97,276389.91,0.0
1760.7,3,2,48,10.79,180033.02,3.0
1496.5,6,4,2,20.89,206166.73,3.0
1705.3,1,1,48,19.47,145078.45,0.0
1332.5,6,4,11,14.25,244478.22,0.0
2391.9,2,1,1,9.97,373841.43,0.0
872.8,1,1,37,10.7,78033.58,3.0
2004.4,5,2,19,11.54,298571.62,3.0
2047.2,4,3,14,6.89,288663.31,1.0
1159.1,6,4,37,10.63,167938.5,2.0
2391.7,1,1,16,1.3,340417.17,0.0
1898.2,1,1,37,17.1,189771.37,0.0
1888.5,4,3,9,2.77,313481.93,0.0
1511.2,6,3,4,4.98,262881.73,0.0
1413.1,3,1,16,30.4,143602.25,3.0
1416.2,5,2,30,9.09,170134.68,3.0
1656.2,6,4,11,1.89,298678.93,0.0
2060.5,6,5,7,0.5,358984.72,2.0
1572.5,4,2,37,1.23,223640.36,0.0
1135.4,5,4,24,1.75,200843.93,2.0
1829.8,4,2,21,6.72,254348.67,3.0
1868.5,5,4,11,7.23,307833.72,3.0
1761.9,4,2,0,4.74,288861.08,3.0
1798.2,4,2,2,5.39,283252.84,0.0
1391.6,3,2,34,27.55,112221.97,0.0
1128.4,4,3,4,10.77,176826.42,0.0
1152.7,5,3,12,6.59,182220.37,0.0
845.8,6,5,45,3.19,136399.82,2.0
1594.8,4,3,17,1.74,256413.46,2.0
1466.6,1,1,37,1.7,174328.31,3.0
1324.0,4,3,17,10.27,218227.63,0.0
400.0,2,1,46,0.84,50000.0,1.0
1001.1,1,1,41,9.34,80190.48,2.0
1948.3,1,1,23,19.02,222781.75,2.0
1234.1,4,2,34,4.11,158588.42,1.0
1644.2,6,5,20,63.32,99124.15,0.0
943.7,4,2,47,4.05,110200.49,1.0
2075.5,3,1,17,4.93,286431.06,0.0
1442.4,1,1,41,45.75,50000.0,2.0
1616.0,5,3,30,4.67,239796.65,3.0
2430.3,1,1,32,5.46,317426.12,0.0
2106.6,6,5,17,14.65,316109.63,0.0
1377.4,5,2,41,17.27,199991.84,2.0
1262.7,6,3,37,12.65,160122.15,0.0
1369.8,2,1,40,7.92,123675.68,3.0
1704.0,1,1,40,2.14,190164.56,3.0
1457.9,2,1,7,1.22,239005.34,1.0
1341.9,5,4,43,0.5,228232.14,1.0
2086.9,2,1,42,9.06,246222.74,1.0
1454.3,6,3,12,15.14,240502.74,1.0
2419.8,1,1,49,8.64,302382.56,3.0
1536.3,1,1,26,0.95,206552.4,3.0
2214.1,2,1,16,2.33,323030.76,0.0
1642.9,5,2,11,4.32,272980.22,0.0
1885.2,4,2,18,1.16,312869.9,2.0
1210.2,3,2,1,5.21,204647.59,
1158.5,4,2,34,11.74,129612.31,2.0
1683.9,4,3,35,20.76,192691.19,1.0
1895.4,4,2,33,23.63,245555.09,1.0
1516.1,4,3,27,22.56,178090.33,0.0
985.4,1,1,18,1.01,149215.34,1.0
955.9,2,1,36,28.5,50000.0,2.0
929.1,4,2,43,10.92,101120.35,1.0
793.0,1,1,4,34.24,50000.0,1.0
1543.8,3,1,19,0.97,248321.38,1.0
1950.0,1,1,49,1.61,252658.6,3.0
1494.6,5,3,43,42.91,102823.79,2.0
595.8,1,1,49,10.53,50000.0,3.0
1423.7,1,1,9,14.03,179436.68,0.0
1434.9,4,2,23,16.96,177737.59,3.0
2338.4,2,1,6,1.26,356144.75,0.0
917.1,3,2,43,2.83,151658.67,1.0
1343.7,2,1,25,0.5,167973.57,1.0
2182.3,2,1,12,42.53,220742.28,0.0
1680.0,5,3,4,5.48,272815.76,3.0
1725.3,5,4,36,0.5,276066.72,3.0
1545.8,2,1,40,0.5,241903.88,2.0
1632.0,5,3,43,2.77,225447.68,1.0
1811.0,5,3,48,2.46,250830.81,3.0
1176.2,4,3,40,22.59,107390.48,2.0
1851.2,4,2,39,0.78,257847.91,1.0
950.8,6,4,40,10.07,145675.46,3.0
1631.3,3,2,49,4.49,198411.47,0.0
1571.5,3,2,23,0.72,249783.94,1.0
1253.5,4,2,37,2.58,157935.36,0.0
1490.9,6,4,40,21.24,152831.18,0.0
1251.0,5,4,5,2.12,231852.42,0.0
1071.3,1,1,34,6.23,90674.41,2.0
1358.6,3,2,16,21.91,175639.45,3.0
1058.4,5,2,6,5.67,161594.24,2.0
1629.1,2,1,8,47.43,97913.99,1.0
1040.0,6,5,5,11.01,196155.31,1.0
1784.8,5,3,44,5.96,243234.65,0.0
1027.4,6,4,38,16.47,104312.48,2.0
1273.5,1,1,5,6.31,209692.64,0.0
1250.2,4,3,31,6.28,163470.18,3.0
2030.1,4,2,33,8.18,279415.71,1.0
1632.1,4,3,25,4.14,246252.9,1.0
1415.3,6,3,30,7.17,228440.29,0.0
1699.5,3,1,45,14.33,193864.38,0.0
657.1,4,3,25,13.5,62668.92,0.0
1482.7,5,2,32,0.5,227624.58,2.0
2299.0,5,4,28,5.59,351065.64,1.0
1552.9,5,3,19,2.44,269045.43,3.0
1527.2,3,2,44,2.62,184896.71,2.0
1719.3,6,5,20,5.77,319854.24,3.0
1858.2,1,1,39,12.37,196430.06,3.0
701.0,3,1,30,2.76,89732.68,0.0
827.1,4,3,34,2.54,105231.63,0.0
1584.1,1,1,38,16.35,136485.31,3.0
1214.0,3,1,36,2.54,147175.27,1.0
2024.8,4,2,28,3.91,285827.01,3.0
1373.9,4,3,30,3.22,201217.23,2.0
726.2,1,1,25,1.8,71855.29,2.0
992.8,2,1,16,15.15,115710.37,1.0
400.1,2,1,36,43.64,50000.0,1.0
1406.3,4,2,43,1.14,184535.02,2.0
1424.6,2,1,35,3.93,175009.07,0.0
1330.2,4,3,38,3.7,204736.67,1.0
1931.6,5,3,41,1.93,292969.04,2.0
1979.4,5,4,18,7.26,312032.9,
1431.8,2,1,3,22.6,142877.83,1.0
646.1,6,4,16,0.53,126994.99,3.0
1746.9,1,1,37,19.92,151696.58,1.0
1722.1,1,1,40,3.95,231060.01,3.0
1623.8,1,1,25,22.42,167264.96,3.0
1892.6,2,1,38,4.63,232478.19,2.0
1034.1,6,4,3,2.86,202452.64,0.0
2303.5,2,1,32,0.5,314245.97,0.0
1116.2,5,4,33,0.5,173046.42,3.0
1799.7,3,2,25,12.95,242022.39,0.0
825.1,1,1,35,23.43,50000.0,2.0
1127.9,3,2,24,6.11,187264.09,2.0
2106.5,1,1,26,8.86,289950.27,3.0
1395.6,3,2,30,0.5,225488.22,3.0
1836.0,4,3,39,16.1,237365.75,1.0
1594.8,4,3,12,6.66,245491.39,2.0
1458.0,2,1,15,26.96,149784.97,2.0
2045.5,5,4,20,9.7,308510.9,3.0
1405.3,4,2,10,6.12,246880.6,2.0
787.7,2,1,16,0.5,124519.9,0.0
1178.7,3,2,17,19.46,135963.91,3.0
1720.5,1,1,15,10.42,223708.23,2.0
1658.2,6,3,20,10.02,283773.73,0.0
873.2,5,4,25,22.04,73339.39,0.0
1210.3,2,1,34,1.92,183547.28,0.0
1267.3,5,2,15,17.36,167220.42,2.0
1353.8,5,3,42,0.92,183811.04,3.0
949.6,4,2,23,0.58,143810.41,1.0
1248.7,1,1,36,23.45,61985.87,0.0
1208.6,6,5,5,26.86,177493.98,3.0
1808.6,6,5,8,1.47,314693.06,2.0
1823.6,6,4,22,2.96,308786.84,2.0
1441.7,6,5,18,4.28,271817.29,0.0
1343.2,6,3,24,19.63,166699.38,3.0
1556.0,5,4,7,17.97,227071.49,0.0
1173.4,1,1,23,3.74,130645.53,2.0
1041.3,3,1,34,14.82,94118.56,2.0
1123.9,2,1,36,0.5,183497.08,2.0
1246.1,2,1,12,2.68,197128.22,2.0
1034.6,5,3,17,7.25,164079.28,1.0
1564.8,5,4,26,6.43,235072.76,2.0
1791.9,4,2,25,5.47,263746.83,1.0
865.2,5,3,39,1.49,135464.95,1.0
1510.1,1,1,19,16.44,161087.19,2.0
1412.0,2,1,33,2.37,194046.99,2.0
1636.6,6,4,44,15.86,198811.89,0.0
1494.8,3,2,14,13.6,186255.85,3.0
918.6,4,3,41,5.0,126150.04,0.0
995.0,3,1,16,7.14,120096.8,1.0
1511.8,2,1,16,6.12,221138.74,
1911.5,5,4,32,47.59,165333.97,1.0
614.3,5,4,31,5.64,70605.54,1.0
1638.3,5,2,27,23.29,195103.6,1.0
1975.8,3,2,11,15.61,245064.86,1.0
1438.8,4,3,4,11.02,235353.65,3.0
1720.1,6,3,45,0.5,261781.43,3.0
1218.8,4,2,43,5.26,185195.99,1.0
1452.3,3,1,44,24.56,136428.18,1.0
851.6,2,1,25,13.81,61407.49,2.0
562.3,4,2,44,21.19,50000.0,0.0
1877.1,3,1,23,4.82,257189.47,1.0
1106.0,4,2,3,0.5,184481.43,0.0
1317.8,1,1,9,18.99,170294.41,2.0
945.4,2,1,13,7.03,125976.13,0.0
936.0,5,3,18,3.04,178689.77,3.0
1430.5,3,2,46,6.1,170783.17,1.0
1208.2,3,1,16,4.09,176074.6,2.0
1651.2,4,2,30,2.36,246095.51,2.0
1681.0,3,1,13,5.81,264730.98,1.0
1628.3,5,2,32,1.96,254645.55,1.0
1595.4,2,1,28,29.93,121064.24,1.0
2131.1,5,2,7,1.64,380683.93,3.0
1073.0,2,1,23,8.96,123082.95,2.0
1478.0,3,2,5,18.9,186167.49,0.0
1953.1,4,3,44,14.07,202511.39,1.0
2005.8,6,3,35,5.07,316181.57,1.0
931.3,2,1,47,13.07,66609.82,3.0
1375.1,4,2,43,5.11,182828.74,3.0
2043.2,1,1,10,4.05,289292.48,1.0
1703.2,1,1,35,3.42,207585.29,1.0
1578.1,5,2,5,1.69,270102.98,0.0
1412.9,5,2,48,7.54,188670.06,2.0
1346.5,3,2,39,9.41,170523.09,0.0
1615.3,4,3,34,6.05,226887.25,3.0
1399.1,3,2,49,2.69,191209.48,2.0
1483.0,2,1,42,2.48,184412.79,0.0
1531.4,3,2,43,0.5,203052.53,3.0
1228.8,2,1,5,10.53,170716.2,3.0
1712.9,5,4,1,29.02,208273.01,1.0
2665.7,3,2,48,12.09,343471.62,0.0
789.2,2,1,12,18.13,50000.0,1.0
1629.6,4,2,21,3.2,236216.48,1.0
1195.9,5,3,2,9.96,171828.76,1.0
1731.0,2,1,31,0.5,239317.4,
1518.6,6,5,41,8.13,251349.38,3.0
1804.7,3,2,42,30.57,160841.84,2.0
1970.2,4,3,29,4.83,302881.87,3.0
1577.0,6,3,33,5.03,280139.88,0.0
1952.8,3,1,25,6.32,279024.14,0.0
562.3,2,1,22,13.64,50000.0,3.0
2136.2,5,2,27,1.26,324820.24,
1650.0,1,1,46,9.83,175827.91,
1931.1,3,2,12,17.65,246826.95,3.0
1012.0,6,3,23,5.26,163065.25,0.0
1167.7,3,1,30,7.62,160063.58,3.0
1558.4,5,2,28,22.32,198596.2,
1493.2,4,2,1,9.08,212829.48,1.0
1613.2,2,1,14,1.22,230253.27,2.0
1933.8,2,1,32,12.33,228715.14,2.0
793.9,4,2,34,2.47,121862.3,3.0
1889.5,1,1,36,7.98,246427.06,
1503.3,3,2,49,10.19,210659.44,1.0
1418.5,3,2,33,4.64,186260.35,0.0
911.6,6,4,28,2.78,156554.43,1.0
1701.2,1,1,16,24.69,183741.87,0.0
534.4,6,4,18,10.46,84952.44,2.0
1759.4,3,2,41,7.23,224901.93,1.0
903.2,4,3,23,4.09,136381.96,2.0
1521.4,4,2,35,22.28,122042.44,0.0
1452.3,2,1,6,8.55,207841.22,1.0
1967.8,6,5,6,33.16,258768.15,1.0
1428.5,2,1,10,5.6,225542.81,0.0
1222.3,1,1,9,17.31,133700.02,3.0
1297.4,5,4,30,14.41,156546.83,2.0
2009.2,4,2,31,7.06,281125.19,3.0
1714.5,6,4,27,10.24,230690.66,3.0
1345.7,3,2,14,25.67,123895.43,0.0
1405.4,1,1,28,2.18,193198.11,3.0
873.1,1,1,5,0.5,132759.27,0.0
1655.4,3,2,23,5.77,251244.61,3.0
796.1,2,1,7,1.64,97579.43,2.0
1800.7,6,4,3,2.18,324345.25,3.0
1551.4,1,1,8,26.17,150486.64,1.0
2454.8,6,3,5,5.38,423417.72,0.0
1059.9,2,1,23,1.77,157163.02,0.0
1458.9,1,1,27,9.01,182040.6,0.0
2219.3,2,1,30,0.5,339518.41,3.0
1976.6,1,1,21,2.92,270004.87,2.0
1221.5,3,2,8,5.14,212222.88,0.0
1589.6,2,1,1,10.54,210949.57,0.0
1500.8,4,3,35,22.08,147660.18,0.0
1612.8,4,3,49,0.5,239908.55,1.0
1220.5,1,1,14,5.69,139634.45,2.0
1464.3,1,1,10,1.66,224260.39,
860.8,1,1,15,12.66,87656.75,2.0
1554.0,2,1,10,7.6,235398.93,3.0
1680.0,1,1,11,3.83,239410.78,1.0
1409.0,2,1,24,1.71,199263.31,1.0
854.0,4,2,39,10.46,99569.09,2.0
1895.4,2,1,35,4.79,239003.02,0.0
1645.8,2,1,47,13.58,160147.3,3.0
1209.6,3,2,17,7.9,178445.76,3.0
1387.8,4,2,24,4.12,208578.95,0.0
899.7,2,1,19,20.07,66845.01,0.0
1089.8,2,1,2,10.36,149763.47,2.0
1284.9,3,1,19,13.67,181829.49,2.0
1991.4,1,1,13,7.39,267276.26,0.0
1244.2,3,2,23,9.13,158547.12,2.0
1756.1,6,3,7,8.86,265832.79,1.0
1284.7,3,2,37,5.31,165740.2,2.0
1599.2,1,1,42,3.56,201652.5,1.0
1443.4,5,3,48,20.82,163999.71,1.0
1849.2,1,1,4,3.89,275535.95,1.0
1286.1,2,1,5,1.28,218419.28,0.0
871.0,1,1,48,5.16,81533.11,
947.2,6,3,42,10.06,141206.07,0.0
1287.2,6,3,29,16.96,185170.89,3.0
1000.4,4,3,16,7.99,177424.32,1.0
1664.1,4,2,25,13.88,217434.91,1.0
1313.7,4,2,26,21.51,123427.27,3.0
2449.8,4,3,42,16.66,324054.91,3.0
804.9,4,2,26,3.92,131497.58,0.0
1581.5,6,3,1,18.28,267742.12,1.0
1048.8,5,2,34,17.49,133267.98,1.0
1302.6,1,1,38,3.05,182832.56,3.0
1556.6,3,2,14,2.55,252344.81,2.0
569.9,6,5,5,21.71,90785.01,2.0
1594.7,3,1,7,10.64,207106.88,0.0
2261.2,2,1,42,6.67,294400.6,1.0
1318.6,6,4,22,17.25,179348.51,0.0
1603.9,4,2,26,0.5,253061.12,2.0
1910.0,4,2,48,1.22,268052.48,3.0
1434.4,3,2,3,15.83,205142.06,3.0
1267.6,1,1,10,10.04,159572.22,1.0
589.7,3,2,41,0.5,85781.12,1.0
1756.4,3,2,27,0.58,222469.49,3.0
1454.7,6,3,1,8.49,257380.23,1.0
1094.9,2,1,35,3.3,151381.03,3.0
1550.6,1,1,6,4.54,252836.8,2.0
1266.5,3,2,39,17.63,135271.64,1.0
1288.6,6,5,39,12.06,208588.04,2.0
1742.5,3,2,41,10.19,218139.52,0.0
964.6,3,2,23,12.48,113707.4,1.0
1918.9,5,3,13,6.15,316743.42,1.0
940.9,4,3,44,6.2,116696.78,3.0
1234.9,2,1,27,19.54,103483.11,
2269.2,6,3,31,0.5,356948.17,1.0
1950.9,4,3,6,11.22,282105.96,3.0
1539.0,1,1,31,1.6,209793.37,
1123.8,3,2,29,10.69,135870.63,3.0
1288.3,6,3,14,0.82,231569.21,2.0
1529.3,3,2,38,46.74,69069.97,3.0
1515.0,4,2,6,16.55,219981.01,
1463.7,4,2,35,1.53,226670.56,
1487.7,5,3,48,8.52,178024.54,1.0
1414.2,6,3,28,39.1,104907.71,3.0
923.2,1,1,5,4.04,147679.79,0.0
1293.4,4,3,27,11.89,152315.73,3.0
1865.8,4,2,26,44.16,166404.21,0.0
952.7,1,1,27,12.29,110881.32,3.0
1424.2,5,4,13,2.97,273410.96,2.0
1172.1,1,1,31,13.67,121673.31,2.0
1544.5,3,2,13,9.7,231611.85,1.0
1344.5,2,1,27,1.24,220345.31,2.0
2091.0,1,1,29,3.71,245689.28,
1702.6,5,4,32,0.77,267711.42,1.0
975.3,2,1,39,2.33,126226.42,0.0
1768.5,2,1,44,4.87,213798.24,0.0
1190.1,6,4,38,0.5,218017.56,3.0
1269.2,6,3,39,8.55,180354.13,
1625.5,1,1,43,2.51,199686.85,1.0
1303.3,2,1,12,8.21,173348.71,3.0
1857.1,5,3,14,11.82,273461.54,2.0
1190.2,5,2,26,7.79,165754.29,2.0
1252.4,6,3,23,8.7,201240.26,0.0
1237.5,4,2,35,1.97,168080.72,2.0
1273.7,1,1,0,42.16,91872.6,0.0
1939.7,6,5,6,3.73,355366.91,2.0
1751.5,1,1,37,3.0,238804.89,0.0
2184.0,1,1,41,22.63,206572.84,2.0
2407.1,5,2,15,13.53,326974.8,1.0
1087.7,4,2,15,1.55,182430.38,0.0
1528.2,1,1,28,0.6,250299.57,1.0
1029.5,2,1,23,3.85,155276.69,0.0
1189.0,4,2,8,38.48,86980.01,0.0
1248.0,2,1,25,15.65,137621.96,3.0
1077.1,5,3,40,7.07,158261.63,1.0
1079.2,3,2,36,0.5,130660.94,1.0
1442.3,4,3,40,4.25,223136.84,0.0
1013.3,3,2,32,3.57,134361.33,1.0
1836.9,3,2,43,29.18,169027.04,1.0
1132.9,3,2,12,0.5,188391.56,2.0
2623.8,5,3,2,0.5,461842.24,0.0
1319.4,4,2,5,10.98,189638.15,3.0
1528.8,4,2,49,1.37,182794.6,0.0
981.9,4,3,32,4.8,146324.95,2.0
2182.4,2,1,12,0.96,300426.53,0.0
1947.8,6,4,42,2.0,299267.19,3.0
1618.8,4,3,15,4.15,277157.17,2.0
961.3,5,3,29,9.22,145421.0,3.0
1584.3,6,4,12,13.57,266161.86,3.0
1051.4,6,5,4,8.12,210851.68,3.0
2084.9,5,3,13,0.5,386796.33,2.0
1823.7,5,3,11,5.02,291464.39,3.0
1538.2,3,1,27,1.8,227906.96,0.0
525.4,5,3,1,1.89,120369.23,2.0
1106.6,2,1,11,6.33,169158.54,3.0
1775.1,5,4,28,13.35,251684.31,1.0
1985.2,1,1,19,2.46,306378.38,3.0
1943.7,6,3,31,15.24,263660.42,2.0
863.2,2,1,32,13.52,92627.88,1.0
1620.6,4,3,48,25.88,163749.91,1.0
1906.2,1,1,41,19.66,190264.17,0.0
836.7,1,1,11,7.16,111959.79,3.0
1496.8,6,3,34,2.19,244063.05,2.0
1609.5,6,3,31,11.39,238389.22,1.0
1379.7,2,1,29,30.46,98663.89,3.0
759.1,1,1,39,20.4,50000.0,0.0
1369.7,5,4,7,3.84,240522.51,3.0
1369.1,6,4,18,36.22,117850.09,1.0
1440.8,2,1,40,2.64,193836.64,2.0
1274.6,4,2,44,7.69,138787.24,0.0
1322.8,2,1,1,6.39,195783.79,2.0
1484.1,5,3,23,19.53,201151.81,2.0
1677.0,3,1,13,5.94,259717.81,3.0
1378.2,1,1,8,13.23,143836.38,1.0
1336.1,2,1,2,4.85,203096.98,0.0
1536.9,4,3,26,2.11,246912.62,0.0
731.6,5,3,33,16.04,77801.88,0.0
1690.8,1,1,26,7.4,233379.25,1.0
1499.8,6,5,18,16.23,215360.67,3.0
1515.9,4,2,38,7.54,170411.22,0.0
1884.3,6,3,32,4.19,306831.36,0.0
718.9,6,5,45,4.87,104154.83,0.0
710.5,1,1,17,46.49,50000.0,1.0
1609.5,1,1,11,21.4,174654.28,2.0
1497.2,5,2,22,19.25,208877.75,1.0
1568.1,2,1,25,14.56,163582.99,1.0
1315.1,1,1,22,1.82,213456.61,0.0
1765.7,3,2,41,10.32,206121.78,3.0
1873.1,6,3,2,6.99,321886.65,0.0
1693.6,5,4,26,9.4,236353.87,0.0
1395.7,4,3,21,5.28,215922.78,2.0
656.9,2,1,10,20.08,50000.0,3.0
1807.7,3,1,32,13.79,198044.25,1.0
1988.7,5,3,40,10.12,317333.01,0.0
1757.8,1,1,27,4.75,222605.9,2.0
1148.1,4,3,4,6.26,188213.74,1.0
1769.5,1,1,3,9.58,260635.89,1.0
1844.2,2,1,21,0.5,298145.61,3.0
2123.5,2,1,33,7.1,295526.79,3.0
1149.6,5,3,15,13.5,150917.89,1.0
1409.4,6,4,15,16.28,215793.14,2.0
1798.9,1,1,43,5.39,186850.97,2.0
1523.0,5,3,0,4.94,282145.89,3.0
1053.1,4,3,3,38.27,62024.04,3.0
1665.8,6,4,7,1.86,291861.41,1.0
1731.5,6,4,49,6.22,250218.26,0.0
1535.2,1,1,24,6.3,202239.4,0.0
1587.8,5,3,7,10.38,249714.8,0.0
1396.5,4,3,15,8.7,235167.26,3.0
2091.3,1,1,48,8.69,253878.63,2.0
1139.7,2,1,34,4.7,146732.14,3.0
1265.1,6,5,11,14.21,188480.78,0.0
1504.4,4,2,12,16.25,229991.17,0.0
1851.6,3,2,3,15.68,249043.95,0.0
901.1,2,1,38,6.19,118044.32,2.0
975.9,6,5,6,9.06,215337.13,0.0
684.9,2,1,14,2.71,106508.25,2.0
1513.1,1,1,17,9.16,207547.11,3.0
1052.7,4,2,31,9.07,89237.85,0.0
1346.2,6,3,30,5.8,208591.64,2.0
1764.6,2,1,39,33.66,154429.24,2.0
1243.4,2,1,14,3.02,195511.87,3.0
1592.5,3,1,19,0.51,225263.52,0.0
1380.3,2,1,19,31.66,105859.36,0.0
1768.8,4,3,2,19.46,213489.52,0.0
1690.1,2,1,36,1.44,233169.54,2.0
1223.2,1,1,26,5.53,120433.28,3.0
1432.5,2,1,23,1.78,219907.06,0.0
1917.5,6,3,49,8.74,283351.21,1.0
1657.4,6,5,8,1.65,299930.46,2.0
941.2,4,3,48,9.69,109334.99,3.0
1762.2,3,2,34,3.69,243200.4,3.0
1066.2,5,4,11,26.52,130789.44,2.0
2065.0,2,1,33,6.08,255714.24,3.0
1909.6,4,3,37,9.83,268887.27,3.0
1616.0,5,3,18,3.51,240642.09,3.0
1562.9,5,2,17,6.31,217645.64,1.0
1416.4,2,1,41,0.51,180901.66,1.0
1771.4,5,3,8,3.3,298052.76,1.0
1351.7,4,3,0,8.39,228655.18,3.0
1594.2,6,3,33,2.88,244144.61,1.0
1848.8,2,1,45,1.7,267490.6,3.0
1275.3,4,3,25,0.5,209200.68,2.0
1253.5,5,4,6,4.92,229566.15,0.0
1022.3,2,1,26,20.29,85220.86,1.0
1074.2,5,3,12,12.39,179597.63,0.0
768.6,1,1,41,34.2,50000.0,
1791.9,5,2,30,12.31,252502.26,1.0
2223.6,4,2,16,4.55,353725.24,1.0
2070.1,2,1,31,19.25,209194.73,0.0
849.6,1,1,33,14.09,50000.0,0.0
1789.9,5,3,33,6.38,263616.68,3.0
2068.8,2,1,18,50.41,155539.16,3.0
1317.3,3,2,28,30.54,115075.8,1.0
1540.6,1,1,2,1.25,238236.55,3.0
696.8,6,3,20,31.36,58163.96,2.0
1606.7,4,3,18,8.18,223167.36,1.0
1074.6,6,4,26,10.08,167600.08,1.0
1579.9,1,1,47,14.32,130503.51,2.0
875.5,2,1,47,1.73,96548.24,3.0
1717.1,4,3,24,7.44,225274.49,1.0
1909.8,4,2,32,1.84,289761.69,1.0
1186.7,5,3,5,5.65,188028.3,3.0
1045.2,6,5,24,1.01,192214.26,2.0
637.6,5,4,34,6.19,109691.2,1.0
1393.4,1,1,34,2.06,178437.58,1.0
1267.4,2,1,48,7.19,107248.43,2.0
879.6,6,3,23,10.59,125483.49,0.0
1681.2,4,3,45,28.54,137048.68,0.0
1320.0,6,5,48,9.13,160578.03,2.0
1069.7,4,3,28,10.94,142802.27,0.0
1278.2,1,1,4,0.5,206830.13,2.0
1928.5,3,2,18,9.62,279422.62,3.0
1741.2,5,4,38,5.38,268471.4,0.0
1448.0,4,3,29,8.91,202494.95,1.0
1747.6,1,1,46,2.65,207907.37,3.0
1035.6,2,1,40,5.4,96062.77,0.0
1512.9,6,5,3,21.21,226098.79,3.0
1558.9,6,3,43,9.59,196654.37,0.0
1312.1,5,4,17,16.6,173932.14,3.0
1674.2,1,1,40,7.01,196436.84,1.0
1187.8,4,2,25,1.4,184214.94,0.0
1703.9,5,4,22,0.5,333660.16,2.0
1720.7,4,2,3,6.86,255743.07,0.0
400.0,4,2,5,8.32,69168.76,1.0
1976.1,3,2,29,3.79,262881.32,2.0
400.0,2,1,28,7.93,50000.0,2.0
1253.6,2,1,27,15.32,125465.35,1.0
1910.1,5,3,7,5.66,328828.98,3.0
1373.1,1,1,25,12.48,144767.56,1.0
913.5,1,1,3,31.14,50143.88,1.0
1062.5,3,1,7,17.63,120626.76,1.0
1910.8,5,3,24,4.92,277048.29,3.0
731.4,4,2,30,2.6,98118.61,2.0
1951.6,4,2,32,8.05,266445.81,0.0
1478.0,4,3,49,19.94,151195.65,3.0
1023.0,1,1,42,11.1,91148.04,
1266.8,2,1,18,26.98,104949.14,1.0
1093.1,1,1,39,28.57,50000.0,0.0
1846.5,5,4,4,6.66,286381.04,3.0
1793.0,5,3,42,15.31,235726.42,0.0
812.3,2,1,19,6.74,89380.85,3.0
1338.6,2,1,38,0.5,185891.32,0.0
1154.7,2,1,48,56.11,50000.0,2.0
2017.4,6,5,35,9.07,303584.53,0.0
960.0,3,2,46,6.54,87825.46,1.0
2141.7,5,4,0,0.91,378275.57,3.0
1486.7,3,1,8,2.98,238682.47,2.0
1035.2,5,3,31,3.23,158675.38,2.0
1229.1,4,2,27,12.31,148579.31,0.0
1179.4,2,1,6,21.22,135498.06,3.0
990.2,6,3,35,0.76,174718.79,1.0
1537.9,5,4,2,10.14,252677.59,2.0
1008.8,5,2,49,0.96,114845.09,3.0
627.9,6,5,7,4.09,153366.03,2.0
1348.1,2,1,22,52.06,50000.0,2.0
778.9,1,1,41,9.98,53890.27,0.0
1199.1,4,3,25,7.02,178071.74,1.0
1136.4,2,1,37,21.94,52890.6,2.0
1151.5,3,2,35,12.18,129402.42,0.0
2300.4,2,1,47,2.92,308611.89,1.0
1522.6,3,1,23,8.29,214475.4,3.0
1598.1,3,1,48,8.56,187205.33,3.0
789.4,3,2,25,8.66,66775.14,3.0
1238.4,5,3,44,4.08,194871.03,3.0
1586.1,4,3,36,10.82,215432.92,3.0
1090.2,3,1,6,5.66,150285.3,0.0
1863.2,1,1,32,25.03,167163.74,3.0
1018.9,4,3,43,3.15,142258.85,2.0
1385.5,2,1,6,11.16,198332.46,3.0
1265.6,2,1,41,10.64,122386.1,2.0
1565.7,3,2,5,4.66,261253.46,0.0
1243.8,1,1,43,2.08,114835.81,
1391.6,3,2,39,0.91,177591.47,3.0
1405.5,2,1,7,10.19,161893.58,0.0
1206.2,6,4,36,5.44,175942.02,2.0
1694.0,6,3,5,6.33,314742.13,2.0
1595.4,1,1,28,5.01,234537.79,1.0
1464.6,4,2,46,1.38,205854.35,3.0
1327.8,4,3,10,6.09,206312.17,0.0
1818.6,3,1,8,0.5,287368.04,1.0
1405.7,3,1,21,4.59,207973.62,3.0
1377.3,5,3,18,7.28,194712.23,2.0
1541.9,3,2,2,23.68,183250.51,0.0
2178.6,1,1,22,1.38,330789.95,0.0
963.9,3,2,12,9.02,121440.61,2.0
1807.9,2,1,6,4.36,260682.22,3.0
742.7,3,2,13,16.31,81091.54,0.0
1586.9,2,1,1,2.68,254047.44,0.0
2130.0,1,1,45,5.26,253356.2,1.0
1695.5,6,4,49,12.49,227214.95,0.0
1568.3,1,1,18,4.11,223424.18,0.0
1275.8,5,3,43,15.83,176710.15,1.0
1512.4,5,3,23,0.67,250367.68,2.0
1399.2,4,3,45,2.82,193795.06,3.0
1185.6,6,3,8,0.5,252653.19,1.0
1384.0,1,1,14,13.07,156373.89,2.0
1579.4,2,1,36,5.17,179334.09,3.0
1193.1,2,1,11,8.71,164390.75,0.0
1177.5,4,3,41,0.89,187885.6,3.0
955.9,4,3,21,8.44,145267.54,0.0
1656.3,6,3,20,3.16,276502.4,2.0
1718.1,3,2,22,10.54,211961.42,3.0
1592.7,2,1,39,3.48,201794.01,3.0
1886.1,6,5,0,4.79,360028.1,1.0
1535.1,5,4,37,5.15,211905.47,2.0
1656.8,5,3,38,55.86,86671.01,0.0
1621.5,3,1,41,19.74,157989.06,1.0
1463.4,3,1,49,0.5,177742.03,3.0
1287.7,3,2,39,4.09,171808.98,0.0
2385.7,5,3,26,21.71,323170.82,0.0
